1;mlst_cmp.py;exp_ER_GNN_Steiner_TSP_50;graph_ER_50_1_L_50_0;output_cmp.csv;
2;mlst_cmp.py;exp_ER_GNN_Steiner_TSP_50;graph_ER_50_1_L_50_1;output_cmp.csv;
3;mlst_cmp.py;exp_ER_GNN_Steiner_TSP_50;graph_ER_50_1_L_50_2;output_cmp.csv;
4;mlst_cmp.py;exp_ER_GNN_Steiner_TSP_50;graph_ER_50_1_L_50_3;output_cmp.csv;
5;mlst_cmp.py;exp_ER_GNN_Steiner_TSP_50;graph_ER_50_1_L_50_4;output_cmp.csv;
6;mlst_cmp.py;exp_ER_GNN_Steiner_TSP_50;graph_ER_50_1_L_50_5;output_cmp.csv;
7;mlst_cmp.py;exp_ER_GNN_Steiner_TSP_50;graph_ER_50_1_L_50_6;output_cmp.csv;
8;mlst_cmp.py;exp_ER_GNN_Steiner_TSP_50;graph_ER_50_1_L_50_7;output_cmp.csv;
9;mlst_cmp.py;exp_ER_GNN_Steiner_TSP_50;graph_ER_50_1_L_50_8;output_cmp.csv;
10;mlst_cmp.py;exp_ER_GNN_Steiner_TSP_50;graph_ER_50_1_L_50_9;output_cmp.csv;
11;mlst_cmp.py;exp_ER_GNN_Steiner_TSP_50;graph_ER_50_1_L_50_10;output_cmp.csv;
12;mlst_cmp.py;exp_ER_GNN_Steiner_TSP_50;graph_ER_50_1_L_50_11;output_cmp.csv;
13;mlst_cmp.py;exp_ER_GNN_Steiner_TSP_50;graph_ER_50_1_L_50_12;output_cmp.csv;
14;mlst_cmp.py;exp_ER_GNN_Steiner_TSP_50;graph_ER_50_1_L_50_13;output_cmp.csv;
15;mlst_cmp.py;exp_ER_GNN_Steiner_TSP_50;graph_ER_50_1_L_50_14;output_cmp.csv;
16;mlst_cmp.py;exp_ER_GNN_Steiner_TSP_50;graph_ER_50_1_L_50_15;output_cmp.csv;
17;mlst_cmp.py;exp_ER_GNN_Steiner_TSP_50;graph_ER_50_1_L_50_16;output_cmp.csv;
18;mlst_cmp.py;exp_ER_GNN_Steiner_TSP_50;graph_ER_50_1_L_50_17;output_cmp.csv;
19;mlst_cmp.py;exp_ER_GNN_Steiner_TSP_50;graph_ER_50_1_L_50_18;output_cmp.csv;
20;mlst_cmp.py;exp_ER_GNN_Steiner_TSP_50;graph_ER_50_1_L_50_19;output_cmp.csv;
21;mlst_cmp.py;exp_ER_GNN_Steiner_TSP_50;graph_ER_50_1_L_50_20;output_cmp.csv;
22;mlst_cmp.py;exp_ER_GNN_Steiner_TSP_50;graph_ER_50_1_L_50_21;output_cmp.csv;
23;mlst_cmp.py;exp_ER_GNN_Steiner_TSP_50;graph_ER_50_1_L_50_22;output_cmp.csv;
24;mlst_cmp.py;exp_ER_GNN_Steiner_TSP_50;graph_ER_50_1_L_50_23;output_cmp.csv;
25;mlst_cmp.py;exp_ER_GNN_Steiner_TSP_50;graph_ER_50_1_L_50_24;output_cmp.csv;
26;mlst_cmp.py;exp_ER_GNN_Steiner_TSP_50;graph_ER_50_1_L_50_25;output_cmp.csv;
27;mlst_cmp.py;exp_ER_GNN_Steiner_TSP_50;graph_ER_50_1_L_50_26;output_cmp.csv;
28;mlst_cmp.py;exp_ER_GNN_Steiner_TSP_50;graph_ER_50_1_L_50_27;output_cmp.csv;
29;mlst_cmp.py;exp_ER_GNN_Steiner_TSP_50;graph_ER_50_1_L_50_28;output_cmp.csv;
30;mlst_cmp.py;exp_ER_GNN_Steiner_TSP_50;graph_ER_50_1_L_50_29;output_cmp.csv;
31;mlst_cmp.py;exp_ER_GNN_Steiner_TSP_50;graph_ER_50_1_L_50_30;output_cmp.csv;
32;mlst_cmp.py;exp_ER_GNN_Steiner_TSP_50;graph_ER_50_1_L_50_31;output_cmp.csv;
33;mlst_cmp.py;exp_ER_GNN_Steiner_TSP_50;graph_ER_50_1_L_50_32;output_cmp.csv;
34;mlst_cmp.py;exp_ER_GNN_Steiner_TSP_50;graph_ER_50_1_L_50_33;output_cmp.csv;
35;mlst_cmp.py;exp_ER_GNN_Steiner_TSP_50;graph_ER_50_1_L_50_34;output_cmp.csv;
36;mlst_cmp.py;exp_ER_GNN_Steiner_TSP_50;graph_ER_50_1_L_50_35;output_cmp.csv;
37;mlst_cmp.py;exp_ER_GNN_Steiner_TSP_50;graph_ER_50_1_L_50_36;output_cmp.csv;
38;mlst_cmp.py;exp_ER_GNN_Steiner_TSP_50;graph_ER_50_1_L_50_37;output_cmp.csv;
39;mlst_cmp.py;exp_ER_GNN_Steiner_TSP_50;graph_ER_50_1_L_50_38;output_cmp.csv;
40;mlst_cmp.py;exp_ER_GNN_Steiner_TSP_50;graph_ER_50_1_L_50_39;output_cmp.csv;
41;mlst_cmp.py;exp_ER_GNN_Steiner_TSP_50;graph_ER_50_1_L_50_40;output_cmp.csv;
42;mlst_cmp.py;exp_ER_GNN_Steiner_TSP_50;graph_ER_50_1_L_50_41;output_cmp.csv;
43;mlst_cmp.py;exp_ER_GNN_Steiner_TSP_50;graph_ER_50_1_L_50_42;output_cmp.csv;
44;mlst_cmp.py;exp_ER_GNN_Steiner_TSP_50;graph_ER_50_1_L_50_43;output_cmp.csv;
45;mlst_cmp.py;exp_ER_GNN_Steiner_TSP_50;graph_ER_50_1_L_50_44;output_cmp.csv;
46;mlst_cmp.py;exp_ER_GNN_Steiner_TSP_50;graph_ER_50_1_L_50_45;output_cmp.csv;
47;mlst_cmp.py;exp_ER_GNN_Steiner_TSP_50;graph_ER_50_1_L_50_46;output_cmp.csv;
48;mlst_cmp.py;exp_ER_GNN_Steiner_TSP_50;graph_ER_50_1_L_50_47;output_cmp.csv;
49;mlst_cmp.py;exp_ER_GNN_Steiner_TSP_50;graph_ER_50_1_L_50_48;output_cmp.csv;
50;mlst_cmp.py;exp_ER_GNN_Steiner_TSP_50;graph_ER_50_1_L_50_49;output_cmp.csv;
51;mlst_cmp.py;exp_ER_GNN_Steiner_TSP_50;graph_ER_50_1_L_50_50;output_cmp.csv;
52;mlst_cmp.py;exp_ER_GNN_Steiner_TSP_50;graph_ER_50_1_L_50_51;output_cmp.csv;
53;mlst_cmp.py;exp_ER_GNN_Steiner_TSP_50;graph_ER_50_1_L_50_52;output_cmp.csv;
54;mlst_cmp.py;exp_ER_GNN_Steiner_TSP_50;graph_ER_50_1_L_50_53;output_cmp.csv;
55;mlst_cmp.py;exp_ER_GNN_Steiner_TSP_50;graph_ER_50_1_L_50_54;output_cmp.csv;
56;mlst_cmp.py;exp_ER_GNN_Steiner_TSP_50;graph_ER_50_1_L_50_55;output_cmp.csv;
57;mlst_cmp.py;exp_ER_GNN_Steiner_TSP_50;graph_ER_50_1_L_50_56;output_cmp.csv;
58;mlst_cmp.py;exp_ER_GNN_Steiner_TSP_50;graph_ER_50_1_L_50_57;output_cmp.csv;
59;mlst_cmp.py;exp_ER_GNN_Steiner_TSP_50;graph_ER_50_1_L_50_58;output_cmp.csv;
60;mlst_cmp.py;exp_ER_GNN_Steiner_TSP_50;graph_ER_50_1_L_50_59;output_cmp.csv;
61;mlst_cmp.py;exp_ER_GNN_Steiner_TSP_50;graph_ER_50_1_L_50_60;output_cmp.csv;
62;mlst_cmp.py;exp_ER_GNN_Steiner_TSP_50;graph_ER_50_1_L_50_61;output_cmp.csv;
63;mlst_cmp.py;exp_ER_GNN_Steiner_TSP_50;graph_ER_50_1_L_50_62;output_cmp.csv;
64;mlst_cmp.py;exp_ER_GNN_Steiner_TSP_50;graph_ER_50_1_L_50_63;output_cmp.csv;
65;mlst_cmp.py;exp_ER_GNN_Steiner_TSP_50;graph_ER_50_1_L_50_64;output_cmp.csv;
66;mlst_cmp.py;exp_ER_GNN_Steiner_TSP_50;graph_ER_50_1_L_50_65;output_cmp.csv;
67;mlst_cmp.py;exp_ER_GNN_Steiner_TSP_50;graph_ER_50_1_L_50_66;output_cmp.csv;
68;mlst_cmp.py;exp_ER_GNN_Steiner_TSP_50;graph_ER_50_1_L_50_67;output_cmp.csv;
69;mlst_cmp.py;exp_ER_GNN_Steiner_TSP_50;graph_ER_50_1_L_50_68;output_cmp.csv;
70;mlst_cmp.py;exp_ER_GNN_Steiner_TSP_50;graph_ER_50_1_L_50_69;output_cmp.csv;
71;mlst_cmp.py;exp_ER_GNN_Steiner_TSP_50;graph_ER_50_1_L_50_70;output_cmp.csv;
72;mlst_cmp.py;exp_ER_GNN_Steiner_TSP_50;graph_ER_50_1_L_50_71;output_cmp.csv;
73;mlst_cmp.py;exp_ER_GNN_Steiner_TSP_50;graph_ER_50_1_L_50_72;output_cmp.csv;
74;mlst_cmp.py;exp_ER_GNN_Steiner_TSP_50;graph_ER_50_1_L_50_73;output_cmp.csv;
75;mlst_cmp.py;exp_ER_GNN_Steiner_TSP_50;graph_ER_50_1_L_50_74;output_cmp.csv;
76;mlst_cmp.py;exp_ER_GNN_Steiner_TSP_50;graph_ER_50_1_L_50_75;output_cmp.csv;
77;mlst_cmp.py;exp_ER_GNN_Steiner_TSP_50;graph_ER_50_1_L_50_76;output_cmp.csv;
78;mlst_cmp.py;exp_ER_GNN_Steiner_TSP_50;graph_ER_50_1_L_50_77;output_cmp.csv;
79;mlst_cmp.py;exp_ER_GNN_Steiner_TSP_50;graph_ER_50_1_L_50_78;output_cmp.csv;
80;mlst_cmp.py;exp_ER_GNN_Steiner_TSP_50;graph_ER_50_1_L_50_79;output_cmp.csv;
81;mlst_cmp.py;exp_ER_GNN_Steiner_TSP_50;graph_ER_50_1_L_50_80;output_cmp.csv;
82;mlst_cmp.py;exp_ER_GNN_Steiner_TSP_50;graph_ER_50_1_L_50_81;output_cmp.csv;
83;mlst_cmp.py;exp_ER_GNN_Steiner_TSP_50;graph_ER_50_1_L_50_82;output_cmp.csv;
84;mlst_cmp.py;exp_ER_GNN_Steiner_TSP_50;graph_ER_50_1_L_50_83;output_cmp.csv;
85;mlst_cmp.py;exp_ER_GNN_Steiner_TSP_50;graph_ER_50_1_L_50_84;output_cmp.csv;
86;mlst_cmp.py;exp_ER_GNN_Steiner_TSP_50;graph_ER_50_1_L_50_85;output_cmp.csv;
87;mlst_cmp.py;exp_ER_GNN_Steiner_TSP_50;graph_ER_50_1_L_50_86;output_cmp.csv;
88;mlst_cmp.py;exp_ER_GNN_Steiner_TSP_50;graph_ER_50_1_L_50_87;output_cmp.csv;
89;mlst_cmp.py;exp_ER_GNN_Steiner_TSP_50;graph_ER_50_1_L_50_88;output_cmp.csv;
90;mlst_cmp.py;exp_ER_GNN_Steiner_TSP_50;graph_ER_50_1_L_50_89;output_cmp.csv;
91;mlst_cmp.py;exp_ER_GNN_Steiner_TSP_50;graph_ER_50_1_L_50_90;output_cmp.csv;
92;mlst_cmp.py;exp_ER_GNN_Steiner_TSP_50;graph_ER_50_1_L_50_91;output_cmp.csv;
93;mlst_cmp.py;exp_ER_GNN_Steiner_TSP_50;graph_ER_50_1_L_50_92;output_cmp.csv;
94;mlst_cmp.py;exp_ER_GNN_Steiner_TSP_50;graph_ER_50_1_L_50_93;output_cmp.csv;
95;mlst_cmp.py;exp_ER_GNN_Steiner_TSP_50;graph_ER_50_1_L_50_94;output_cmp.csv;
96;mlst_cmp.py;exp_ER_GNN_Steiner_TSP_50;graph_ER_50_1_L_50_95;output_cmp.csv;
97;mlst_cmp.py;exp_ER_GNN_Steiner_TSP_50;graph_ER_50_1_L_50_96;output_cmp.csv;
98;mlst_cmp.py;exp_ER_GNN_Steiner_TSP_50;graph_ER_50_1_L_50_97;output_cmp.csv;
99;mlst_cmp.py;exp_ER_GNN_Steiner_TSP_50;graph_ER_50_1_L_50_98;output_cmp.csv;
100;mlst_cmp.py;exp_ER_GNN_Steiner_TSP_50;graph_ER_50_1_L_50_99;output_cmp.csv;
101;mlst_cmp.py;exp_ER_GNN_Steiner_TSP_50;graph_ER_50_1_L_50_100;output_cmp.csv;
102;mlst_cmp.py;exp_ER_GNN_Steiner_TSP_50;graph_ER_50_1_L_50_101;output_cmp.csv;
103;mlst_cmp.py;exp_ER_GNN_Steiner_TSP_50;graph_ER_50_1_L_50_102;output_cmp.csv;
104;mlst_cmp.py;exp_ER_GNN_Steiner_TSP_50;graph_ER_50_1_L_50_103;output_cmp.csv;
105;mlst_cmp.py;exp_ER_GNN_Steiner_TSP_50;graph_ER_50_1_L_50_104;output_cmp.csv;
106;mlst_cmp.py;exp_ER_GNN_Steiner_TSP_50;graph_ER_50_1_L_50_105;output_cmp.csv;
107;mlst_cmp.py;exp_ER_GNN_Steiner_TSP_50;graph_ER_50_1_L_50_106;output_cmp.csv;
108;mlst_cmp.py;exp_ER_GNN_Steiner_TSP_50;graph_ER_50_1_L_50_107;output_cmp.csv;
109;mlst_cmp.py;exp_ER_GNN_Steiner_TSP_50;graph_ER_50_1_L_50_108;output_cmp.csv;
110;mlst_cmp.py;exp_ER_GNN_Steiner_TSP_50;graph_ER_50_1_L_50_109;output_cmp.csv;
111;mlst_cmp.py;exp_ER_GNN_Steiner_TSP_50;graph_ER_50_1_L_50_110;output_cmp.csv;
112;mlst_cmp.py;exp_ER_GNN_Steiner_TSP_50;graph_ER_50_1_L_50_111;output_cmp.csv;
113;mlst_cmp.py;exp_ER_GNN_Steiner_TSP_50;graph_ER_50_1_L_50_112;output_cmp.csv;
114;mlst_cmp.py;exp_ER_GNN_Steiner_TSP_50;graph_ER_50_1_L_50_113;output_cmp.csv;
115;mlst_cmp.py;exp_ER_GNN_Steiner_TSP_50;graph_ER_50_1_L_50_114;output_cmp.csv;
116;mlst_cmp.py;exp_ER_GNN_Steiner_TSP_50;graph_ER_50_1_L_50_115;output_cmp.csv;
117;mlst_cmp.py;exp_ER_GNN_Steiner_TSP_50;graph_ER_50_1_L_50_116;output_cmp.csv;
118;mlst_cmp.py;exp_ER_GNN_Steiner_TSP_50;graph_ER_50_1_L_50_117;output_cmp.csv;
119;mlst_cmp.py;exp_ER_GNN_Steiner_TSP_50;graph_ER_50_1_L_50_118;output_cmp.csv;
120;mlst_cmp.py;exp_ER_GNN_Steiner_TSP_50;graph_ER_50_1_L_50_119;output_cmp.csv;
121;mlst_cmp.py;exp_ER_GNN_Steiner_TSP_50;graph_ER_50_1_L_50_120;output_cmp.csv;
122;mlst_cmp.py;exp_ER_GNN_Steiner_TSP_50;graph_ER_50_1_L_50_121;output_cmp.csv;
123;mlst_cmp.py;exp_ER_GNN_Steiner_TSP_50;graph_ER_50_1_L_50_122;output_cmp.csv;
124;mlst_cmp.py;exp_ER_GNN_Steiner_TSP_50;graph_ER_50_1_L_50_123;output_cmp.csv;
125;mlst_cmp.py;exp_ER_GNN_Steiner_TSP_50;graph_ER_50_1_L_50_124;output_cmp.csv;
126;mlst_cmp.py;exp_ER_GNN_Steiner_TSP_50;graph_ER_50_1_L_50_125;output_cmp.csv;
127;mlst_cmp.py;exp_ER_GNN_Steiner_TSP_50;graph_ER_50_1_L_50_126;output_cmp.csv;
128;mlst_cmp.py;exp_ER_GNN_Steiner_TSP_50;graph_ER_50_1_L_50_127;output_cmp.csv;
129;mlst_cmp.py;exp_ER_GNN_Steiner_TSP_50;graph_ER_50_1_L_50_128;output_cmp.csv;
130;mlst_cmp.py;exp_ER_GNN_Steiner_TSP_50;graph_ER_50_1_L_50_129;output_cmp.csv;
131;mlst_cmp.py;exp_ER_GNN_Steiner_TSP_50;graph_ER_50_1_L_50_130;output_cmp.csv;
132;mlst_cmp.py;exp_ER_GNN_Steiner_TSP_50;graph_ER_50_1_L_50_131;output_cmp.csv;
133;mlst_cmp.py;exp_ER_GNN_Steiner_TSP_50;graph_ER_50_1_L_50_132;output_cmp.csv;
134;mlst_cmp.py;exp_ER_GNN_Steiner_TSP_50;graph_ER_50_1_L_50_133;output_cmp.csv;
135;mlst_cmp.py;exp_ER_GNN_Steiner_TSP_50;graph_ER_50_1_L_50_134;output_cmp.csv;
136;mlst_cmp.py;exp_ER_GNN_Steiner_TSP_50;graph_ER_50_1_L_50_135;output_cmp.csv;
137;mlst_cmp.py;exp_ER_GNN_Steiner_TSP_50;graph_ER_50_1_L_50_136;output_cmp.csv;
138;mlst_cmp.py;exp_ER_GNN_Steiner_TSP_50;graph_ER_50_1_L_50_137;output_cmp.csv;
139;mlst_cmp.py;exp_ER_GNN_Steiner_TSP_50;graph_ER_50_1_L_50_138;output_cmp.csv;
140;mlst_cmp.py;exp_ER_GNN_Steiner_TSP_50;graph_ER_50_1_L_50_139;output_cmp.csv;
141;mlst_cmp.py;exp_ER_GNN_Steiner_TSP_50;graph_ER_50_1_L_50_140;output_cmp.csv;
142;mlst_cmp.py;exp_ER_GNN_Steiner_TSP_50;graph_ER_50_1_L_50_141;output_cmp.csv;
143;mlst_cmp.py;exp_ER_GNN_Steiner_TSP_50;graph_ER_50_1_L_50_142;output_cmp.csv;
144;mlst_cmp.py;exp_ER_GNN_Steiner_TSP_50;graph_ER_50_1_L_50_143;output_cmp.csv;
145;mlst_cmp.py;exp_ER_GNN_Steiner_TSP_50;graph_ER_50_1_L_50_144;output_cmp.csv;
146;mlst_cmp.py;exp_ER_GNN_Steiner_TSP_50;graph_ER_50_1_L_50_145;output_cmp.csv;
147;mlst_cmp.py;exp_ER_GNN_Steiner_TSP_50;graph_ER_50_1_L_50_146;output_cmp.csv;
148;mlst_cmp.py;exp_ER_GNN_Steiner_TSP_50;graph_ER_50_1_L_50_147;output_cmp.csv;
149;mlst_cmp.py;exp_ER_GNN_Steiner_TSP_50;graph_ER_50_1_L_50_148;output_cmp.csv;
150;mlst_cmp.py;exp_ER_GNN_Steiner_TSP_50;graph_ER_50_1_L_50_149;output_cmp.csv;
151;mlst_cmp.py;exp_ER_GNN_Steiner_TSP_50;graph_ER_50_1_L_50_150;output_cmp.csv;
152;mlst_cmp.py;exp_ER_GNN_Steiner_TSP_50;graph_ER_50_1_L_50_151;output_cmp.csv;
153;mlst_cmp.py;exp_ER_GNN_Steiner_TSP_50;graph_ER_50_1_L_50_152;output_cmp.csv;
154;mlst_cmp.py;exp_ER_GNN_Steiner_TSP_50;graph_ER_50_1_L_50_153;output_cmp.csv;
155;mlst_cmp.py;exp_ER_GNN_Steiner_TSP_50;graph_ER_50_1_L_50_154;output_cmp.csv;
156;mlst_cmp.py;exp_ER_GNN_Steiner_TSP_50;graph_ER_50_1_L_50_155;output_cmp.csv;
157;mlst_cmp.py;exp_ER_GNN_Steiner_TSP_50;graph_ER_50_1_L_50_156;output_cmp.csv;
158;mlst_cmp.py;exp_ER_GNN_Steiner_TSP_50;graph_ER_50_1_L_50_157;output_cmp.csv;
159;mlst_cmp.py;exp_ER_GNN_Steiner_TSP_50;graph_ER_50_1_L_50_158;output_cmp.csv;
160;mlst_cmp.py;exp_ER_GNN_Steiner_TSP_50;graph_ER_50_1_L_50_159;output_cmp.csv;
161;mlst_cmp.py;exp_ER_GNN_Steiner_TSP_50;graph_ER_50_1_L_50_160;output_cmp.csv;
162;mlst_cmp.py;exp_ER_GNN_Steiner_TSP_50;graph_ER_50_1_L_50_161;output_cmp.csv;
163;mlst_cmp.py;exp_ER_GNN_Steiner_TSP_50;graph_ER_50_1_L_50_162;output_cmp.csv;
164;mlst_cmp.py;exp_ER_GNN_Steiner_TSP_50;graph_ER_50_1_L_50_163;output_cmp.csv;
165;mlst_cmp.py;exp_ER_GNN_Steiner_TSP_50;graph_ER_50_1_L_50_164;output_cmp.csv;
166;mlst_cmp.py;exp_ER_GNN_Steiner_TSP_50;graph_ER_50_1_L_50_165;output_cmp.csv;
167;mlst_cmp.py;exp_ER_GNN_Steiner_TSP_50;graph_ER_50_1_L_50_166;output_cmp.csv;
168;mlst_cmp.py;exp_ER_GNN_Steiner_TSP_50;graph_ER_50_1_L_50_167;output_cmp.csv;
169;mlst_cmp.py;exp_ER_GNN_Steiner_TSP_50;graph_ER_50_1_L_50_168;output_cmp.csv;
170;mlst_cmp.py;exp_ER_GNN_Steiner_TSP_50;graph_ER_50_1_L_50_169;output_cmp.csv;
171;mlst_cmp.py;exp_ER_GNN_Steiner_TSP_50;graph_ER_50_1_L_50_170;output_cmp.csv;
172;mlst_cmp.py;exp_ER_GNN_Steiner_TSP_50;graph_ER_50_1_L_50_171;output_cmp.csv;
173;mlst_cmp.py;exp_ER_GNN_Steiner_TSP_50;graph_ER_50_1_L_50_172;output_cmp.csv;
174;mlst_cmp.py;exp_ER_GNN_Steiner_TSP_50;graph_ER_50_1_L_50_173;output_cmp.csv;
175;mlst_cmp.py;exp_ER_GNN_Steiner_TSP_50;graph_ER_50_1_L_50_174;output_cmp.csv;
176;mlst_cmp.py;exp_ER_GNN_Steiner_TSP_50;graph_ER_50_1_L_50_175;output_cmp.csv;
177;mlst_cmp.py;exp_ER_GNN_Steiner_TSP_50;graph_ER_50_1_L_50_176;output_cmp.csv;
178;mlst_cmp.py;exp_ER_GNN_Steiner_TSP_50;graph_ER_50_1_L_50_177;output_cmp.csv;
179;mlst_cmp.py;exp_ER_GNN_Steiner_TSP_50;graph_ER_50_1_L_50_178;output_cmp.csv;
180;mlst_cmp.py;exp_ER_GNN_Steiner_TSP_50;graph_ER_50_1_L_50_179;output_cmp.csv;
181;mlst_cmp.py;exp_ER_GNN_Steiner_TSP_50;graph_ER_50_1_L_50_180;output_cmp.csv;
182;mlst_cmp.py;exp_ER_GNN_Steiner_TSP_50;graph_ER_50_1_L_50_181;output_cmp.csv;
183;mlst_cmp.py;exp_ER_GNN_Steiner_TSP_50;graph_ER_50_1_L_50_182;output_cmp.csv;
184;mlst_cmp.py;exp_ER_GNN_Steiner_TSP_50;graph_ER_50_1_L_50_183;output_cmp.csv;
185;mlst_cmp.py;exp_ER_GNN_Steiner_TSP_50;graph_ER_50_1_L_50_184;output_cmp.csv;
186;mlst_cmp.py;exp_ER_GNN_Steiner_TSP_50;graph_ER_50_1_L_50_185;output_cmp.csv;
187;mlst_cmp.py;exp_ER_GNN_Steiner_TSP_50;graph_ER_50_1_L_50_186;output_cmp.csv;
188;mlst_cmp.py;exp_ER_GNN_Steiner_TSP_50;graph_ER_50_1_L_50_187;output_cmp.csv;
189;mlst_cmp.py;exp_ER_GNN_Steiner_TSP_50;graph_ER_50_1_L_50_188;output_cmp.csv;
190;mlst_cmp.py;exp_ER_GNN_Steiner_TSP_50;graph_ER_50_1_L_50_189;output_cmp.csv;
191;mlst_cmp.py;exp_ER_GNN_Steiner_TSP_50;graph_ER_50_1_L_50_190;output_cmp.csv;
192;mlst_cmp.py;exp_ER_GNN_Steiner_TSP_50;graph_ER_50_1_L_50_191;output_cmp.csv;
193;mlst_cmp.py;exp_ER_GNN_Steiner_TSP_50;graph_ER_50_1_L_50_192;output_cmp.csv;
194;mlst_cmp.py;exp_ER_GNN_Steiner_TSP_50;graph_ER_50_1_L_50_193;output_cmp.csv;
195;mlst_cmp.py;exp_ER_GNN_Steiner_TSP_50;graph_ER_50_1_L_50_194;output_cmp.csv;
196;mlst_cmp.py;exp_ER_GNN_Steiner_TSP_50;graph_ER_50_1_L_50_195;output_cmp.csv;
197;mlst_cmp.py;exp_ER_GNN_Steiner_TSP_50;graph_ER_50_1_L_50_196;output_cmp.csv;
198;mlst_cmp.py;exp_ER_GNN_Steiner_TSP_50;graph_ER_50_1_L_50_197;output_cmp.csv;
199;mlst_cmp.py;exp_ER_GNN_Steiner_TSP_50;graph_ER_50_1_L_50_198;output_cmp.csv;
200;mlst_cmp.py;exp_ER_GNN_Steiner_TSP_50;graph_ER_50_1_L_50_199;output_cmp.csv;
