1;mlst_exact_output_graph.py;exp_ER_GNN_Steiner_TSP_50;graph_ER_50_1_L_50_0;output_exact.csv;
2;mlst_exact_output_graph.py;exp_ER_GNN_Steiner_TSP_50;graph_ER_50_1_L_50_1;output_exact.csv;
3;mlst_exact_output_graph.py;exp_ER_GNN_Steiner_TSP_50;graph_ER_50_1_L_50_2;output_exact.csv;
4;mlst_exact_output_graph.py;exp_ER_GNN_Steiner_TSP_50;graph_ER_50_1_L_50_3;output_exact.csv;
5;mlst_exact_output_graph.py;exp_ER_GNN_Steiner_TSP_50;graph_ER_50_1_L_50_4;output_exact.csv;
6;mlst_exact_output_graph.py;exp_ER_GNN_Steiner_TSP_50;graph_ER_50_1_L_50_5;output_exact.csv;
7;mlst_exact_output_graph.py;exp_ER_GNN_Steiner_TSP_50;graph_ER_50_1_L_50_6;output_exact.csv;
8;mlst_exact_output_graph.py;exp_ER_GNN_Steiner_TSP_50;graph_ER_50_1_L_50_7;output_exact.csv;
9;mlst_exact_output_graph.py;exp_ER_GNN_Steiner_TSP_50;graph_ER_50_1_L_50_8;output_exact.csv;
10;mlst_exact_output_graph.py;exp_ER_GNN_Steiner_TSP_50;graph_ER_50_1_L_50_9;output_exact.csv;
11;mlst_exact_output_graph.py;exp_ER_GNN_Steiner_TSP_50;graph_ER_50_1_L_50_10;output_exact.csv;
12;mlst_exact_output_graph.py;exp_ER_GNN_Steiner_TSP_50;graph_ER_50_1_L_50_11;output_exact.csv;
13;mlst_exact_output_graph.py;exp_ER_GNN_Steiner_TSP_50;graph_ER_50_1_L_50_12;output_exact.csv;
14;mlst_exact_output_graph.py;exp_ER_GNN_Steiner_TSP_50;graph_ER_50_1_L_50_13;output_exact.csv;
15;mlst_exact_output_graph.py;exp_ER_GNN_Steiner_TSP_50;graph_ER_50_1_L_50_14;output_exact.csv;
16;mlst_exact_output_graph.py;exp_ER_GNN_Steiner_TSP_50;graph_ER_50_1_L_50_15;output_exact.csv;
17;mlst_exact_output_graph.py;exp_ER_GNN_Steiner_TSP_50;graph_ER_50_1_L_50_16;output_exact.csv;
18;mlst_exact_output_graph.py;exp_ER_GNN_Steiner_TSP_50;graph_ER_50_1_L_50_17;output_exact.csv;
19;mlst_exact_output_graph.py;exp_ER_GNN_Steiner_TSP_50;graph_ER_50_1_L_50_18;output_exact.csv;
20;mlst_exact_output_graph.py;exp_ER_GNN_Steiner_TSP_50;graph_ER_50_1_L_50_19;output_exact.csv;
21;mlst_exact_output_graph.py;exp_ER_GNN_Steiner_TSP_50;graph_ER_50_1_L_50_20;output_exact.csv;
22;mlst_exact_output_graph.py;exp_ER_GNN_Steiner_TSP_50;graph_ER_50_1_L_50_21;output_exact.csv;
23;mlst_exact_output_graph.py;exp_ER_GNN_Steiner_TSP_50;graph_ER_50_1_L_50_22;output_exact.csv;
24;mlst_exact_output_graph.py;exp_ER_GNN_Steiner_TSP_50;graph_ER_50_1_L_50_23;output_exact.csv;
25;mlst_exact_output_graph.py;exp_ER_GNN_Steiner_TSP_50;graph_ER_50_1_L_50_24;output_exact.csv;
26;mlst_exact_output_graph.py;exp_ER_GNN_Steiner_TSP_50;graph_ER_50_1_L_50_25;output_exact.csv;
27;mlst_exact_output_graph.py;exp_ER_GNN_Steiner_TSP_50;graph_ER_50_1_L_50_26;output_exact.csv;
28;mlst_exact_output_graph.py;exp_ER_GNN_Steiner_TSP_50;graph_ER_50_1_L_50_27;output_exact.csv;
29;mlst_exact_output_graph.py;exp_ER_GNN_Steiner_TSP_50;graph_ER_50_1_L_50_28;output_exact.csv;
30;mlst_exact_output_graph.py;exp_ER_GNN_Steiner_TSP_50;graph_ER_50_1_L_50_29;output_exact.csv;
31;mlst_exact_output_graph.py;exp_ER_GNN_Steiner_TSP_50;graph_ER_50_1_L_50_30;output_exact.csv;
32;mlst_exact_output_graph.py;exp_ER_GNN_Steiner_TSP_50;graph_ER_50_1_L_50_31;output_exact.csv;
33;mlst_exact_output_graph.py;exp_ER_GNN_Steiner_TSP_50;graph_ER_50_1_L_50_32;output_exact.csv;
34;mlst_exact_output_graph.py;exp_ER_GNN_Steiner_TSP_50;graph_ER_50_1_L_50_33;output_exact.csv;
35;mlst_exact_output_graph.py;exp_ER_GNN_Steiner_TSP_50;graph_ER_50_1_L_50_34;output_exact.csv;
36;mlst_exact_output_graph.py;exp_ER_GNN_Steiner_TSP_50;graph_ER_50_1_L_50_35;output_exact.csv;
37;mlst_exact_output_graph.py;exp_ER_GNN_Steiner_TSP_50;graph_ER_50_1_L_50_36;output_exact.csv;
38;mlst_exact_output_graph.py;exp_ER_GNN_Steiner_TSP_50;graph_ER_50_1_L_50_37;output_exact.csv;
39;mlst_exact_output_graph.py;exp_ER_GNN_Steiner_TSP_50;graph_ER_50_1_L_50_38;output_exact.csv;
40;mlst_exact_output_graph.py;exp_ER_GNN_Steiner_TSP_50;graph_ER_50_1_L_50_39;output_exact.csv;
41;mlst_exact_output_graph.py;exp_ER_GNN_Steiner_TSP_50;graph_ER_50_1_L_50_40;output_exact.csv;
42;mlst_exact_output_graph.py;exp_ER_GNN_Steiner_TSP_50;graph_ER_50_1_L_50_41;output_exact.csv;
43;mlst_exact_output_graph.py;exp_ER_GNN_Steiner_TSP_50;graph_ER_50_1_L_50_42;output_exact.csv;
44;mlst_exact_output_graph.py;exp_ER_GNN_Steiner_TSP_50;graph_ER_50_1_L_50_43;output_exact.csv;
45;mlst_exact_output_graph.py;exp_ER_GNN_Steiner_TSP_50;graph_ER_50_1_L_50_44;output_exact.csv;
46;mlst_exact_output_graph.py;exp_ER_GNN_Steiner_TSP_50;graph_ER_50_1_L_50_45;output_exact.csv;
47;mlst_exact_output_graph.py;exp_ER_GNN_Steiner_TSP_50;graph_ER_50_1_L_50_46;output_exact.csv;
48;mlst_exact_output_graph.py;exp_ER_GNN_Steiner_TSP_50;graph_ER_50_1_L_50_47;output_exact.csv;
49;mlst_exact_output_graph.py;exp_ER_GNN_Steiner_TSP_50;graph_ER_50_1_L_50_48;output_exact.csv;
50;mlst_exact_output_graph.py;exp_ER_GNN_Steiner_TSP_50;graph_ER_50_1_L_50_49;output_exact.csv;
51;mlst_exact_output_graph.py;exp_ER_GNN_Steiner_TSP_50;graph_ER_50_1_L_50_50;output_exact.csv;
52;mlst_exact_output_graph.py;exp_ER_GNN_Steiner_TSP_50;graph_ER_50_1_L_50_51;output_exact.csv;
53;mlst_exact_output_graph.py;exp_ER_GNN_Steiner_TSP_50;graph_ER_50_1_L_50_52;output_exact.csv;
54;mlst_exact_output_graph.py;exp_ER_GNN_Steiner_TSP_50;graph_ER_50_1_L_50_53;output_exact.csv;
55;mlst_exact_output_graph.py;exp_ER_GNN_Steiner_TSP_50;graph_ER_50_1_L_50_54;output_exact.csv;
56;mlst_exact_output_graph.py;exp_ER_GNN_Steiner_TSP_50;graph_ER_50_1_L_50_55;output_exact.csv;
57;mlst_exact_output_graph.py;exp_ER_GNN_Steiner_TSP_50;graph_ER_50_1_L_50_56;output_exact.csv;
58;mlst_exact_output_graph.py;exp_ER_GNN_Steiner_TSP_50;graph_ER_50_1_L_50_57;output_exact.csv;
59;mlst_exact_output_graph.py;exp_ER_GNN_Steiner_TSP_50;graph_ER_50_1_L_50_58;output_exact.csv;
60;mlst_exact_output_graph.py;exp_ER_GNN_Steiner_TSP_50;graph_ER_50_1_L_50_59;output_exact.csv;
61;mlst_exact_output_graph.py;exp_ER_GNN_Steiner_TSP_50;graph_ER_50_1_L_50_60;output_exact.csv;
62;mlst_exact_output_graph.py;exp_ER_GNN_Steiner_TSP_50;graph_ER_50_1_L_50_61;output_exact.csv;
63;mlst_exact_output_graph.py;exp_ER_GNN_Steiner_TSP_50;graph_ER_50_1_L_50_62;output_exact.csv;
64;mlst_exact_output_graph.py;exp_ER_GNN_Steiner_TSP_50;graph_ER_50_1_L_50_63;output_exact.csv;
65;mlst_exact_output_graph.py;exp_ER_GNN_Steiner_TSP_50;graph_ER_50_1_L_50_64;output_exact.csv;
66;mlst_exact_output_graph.py;exp_ER_GNN_Steiner_TSP_50;graph_ER_50_1_L_50_65;output_exact.csv;
67;mlst_exact_output_graph.py;exp_ER_GNN_Steiner_TSP_50;graph_ER_50_1_L_50_66;output_exact.csv;
68;mlst_exact_output_graph.py;exp_ER_GNN_Steiner_TSP_50;graph_ER_50_1_L_50_67;output_exact.csv;
69;mlst_exact_output_graph.py;exp_ER_GNN_Steiner_TSP_50;graph_ER_50_1_L_50_68;output_exact.csv;
70;mlst_exact_output_graph.py;exp_ER_GNN_Steiner_TSP_50;graph_ER_50_1_L_50_69;output_exact.csv;
71;mlst_exact_output_graph.py;exp_ER_GNN_Steiner_TSP_50;graph_ER_50_1_L_50_70;output_exact.csv;
72;mlst_exact_output_graph.py;exp_ER_GNN_Steiner_TSP_50;graph_ER_50_1_L_50_71;output_exact.csv;
73;mlst_exact_output_graph.py;exp_ER_GNN_Steiner_TSP_50;graph_ER_50_1_L_50_72;output_exact.csv;
74;mlst_exact_output_graph.py;exp_ER_GNN_Steiner_TSP_50;graph_ER_50_1_L_50_73;output_exact.csv;
75;mlst_exact_output_graph.py;exp_ER_GNN_Steiner_TSP_50;graph_ER_50_1_L_50_74;output_exact.csv;
76;mlst_exact_output_graph.py;exp_ER_GNN_Steiner_TSP_50;graph_ER_50_1_L_50_75;output_exact.csv;
77;mlst_exact_output_graph.py;exp_ER_GNN_Steiner_TSP_50;graph_ER_50_1_L_50_76;output_exact.csv;
78;mlst_exact_output_graph.py;exp_ER_GNN_Steiner_TSP_50;graph_ER_50_1_L_50_77;output_exact.csv;
79;mlst_exact_output_graph.py;exp_ER_GNN_Steiner_TSP_50;graph_ER_50_1_L_50_78;output_exact.csv;
80;mlst_exact_output_graph.py;exp_ER_GNN_Steiner_TSP_50;graph_ER_50_1_L_50_79;output_exact.csv;
81;mlst_exact_output_graph.py;exp_ER_GNN_Steiner_TSP_50;graph_ER_50_1_L_50_80;output_exact.csv;
82;mlst_exact_output_graph.py;exp_ER_GNN_Steiner_TSP_50;graph_ER_50_1_L_50_81;output_exact.csv;
83;mlst_exact_output_graph.py;exp_ER_GNN_Steiner_TSP_50;graph_ER_50_1_L_50_82;output_exact.csv;
84;mlst_exact_output_graph.py;exp_ER_GNN_Steiner_TSP_50;graph_ER_50_1_L_50_83;output_exact.csv;
85;mlst_exact_output_graph.py;exp_ER_GNN_Steiner_TSP_50;graph_ER_50_1_L_50_84;output_exact.csv;
86;mlst_exact_output_graph.py;exp_ER_GNN_Steiner_TSP_50;graph_ER_50_1_L_50_85;output_exact.csv;
87;mlst_exact_output_graph.py;exp_ER_GNN_Steiner_TSP_50;graph_ER_50_1_L_50_86;output_exact.csv;
88;mlst_exact_output_graph.py;exp_ER_GNN_Steiner_TSP_50;graph_ER_50_1_L_50_87;output_exact.csv;
89;mlst_exact_output_graph.py;exp_ER_GNN_Steiner_TSP_50;graph_ER_50_1_L_50_88;output_exact.csv;
90;mlst_exact_output_graph.py;exp_ER_GNN_Steiner_TSP_50;graph_ER_50_1_L_50_89;output_exact.csv;
91;mlst_exact_output_graph.py;exp_ER_GNN_Steiner_TSP_50;graph_ER_50_1_L_50_90;output_exact.csv;
92;mlst_exact_output_graph.py;exp_ER_GNN_Steiner_TSP_50;graph_ER_50_1_L_50_91;output_exact.csv;
93;mlst_exact_output_graph.py;exp_ER_GNN_Steiner_TSP_50;graph_ER_50_1_L_50_92;output_exact.csv;
94;mlst_exact_output_graph.py;exp_ER_GNN_Steiner_TSP_50;graph_ER_50_1_L_50_93;output_exact.csv;
95;mlst_exact_output_graph.py;exp_ER_GNN_Steiner_TSP_50;graph_ER_50_1_L_50_94;output_exact.csv;
96;mlst_exact_output_graph.py;exp_ER_GNN_Steiner_TSP_50;graph_ER_50_1_L_50_95;output_exact.csv;
97;mlst_exact_output_graph.py;exp_ER_GNN_Steiner_TSP_50;graph_ER_50_1_L_50_96;output_exact.csv;
98;mlst_exact_output_graph.py;exp_ER_GNN_Steiner_TSP_50;graph_ER_50_1_L_50_97;output_exact.csv;
99;mlst_exact_output_graph.py;exp_ER_GNN_Steiner_TSP_50;graph_ER_50_1_L_50_98;output_exact.csv;
100;mlst_exact_output_graph.py;exp_ER_GNN_Steiner_TSP_50;graph_ER_50_1_L_50_99;output_exact.csv;
101;mlst_exact_output_graph.py;exp_ER_GNN_Steiner_TSP_50;graph_ER_50_1_L_50_100;output_exact.csv;
102;mlst_exact_output_graph.py;exp_ER_GNN_Steiner_TSP_50;graph_ER_50_1_L_50_101;output_exact.csv;
103;mlst_exact_output_graph.py;exp_ER_GNN_Steiner_TSP_50;graph_ER_50_1_L_50_102;output_exact.csv;
104;mlst_exact_output_graph.py;exp_ER_GNN_Steiner_TSP_50;graph_ER_50_1_L_50_103;output_exact.csv;
105;mlst_exact_output_graph.py;exp_ER_GNN_Steiner_TSP_50;graph_ER_50_1_L_50_104;output_exact.csv;
106;mlst_exact_output_graph.py;exp_ER_GNN_Steiner_TSP_50;graph_ER_50_1_L_50_105;output_exact.csv;
107;mlst_exact_output_graph.py;exp_ER_GNN_Steiner_TSP_50;graph_ER_50_1_L_50_106;output_exact.csv;
108;mlst_exact_output_graph.py;exp_ER_GNN_Steiner_TSP_50;graph_ER_50_1_L_50_107;output_exact.csv;
109;mlst_exact_output_graph.py;exp_ER_GNN_Steiner_TSP_50;graph_ER_50_1_L_50_108;output_exact.csv;
110;mlst_exact_output_graph.py;exp_ER_GNN_Steiner_TSP_50;graph_ER_50_1_L_50_109;output_exact.csv;
111;mlst_exact_output_graph.py;exp_ER_GNN_Steiner_TSP_50;graph_ER_50_1_L_50_110;output_exact.csv;
112;mlst_exact_output_graph.py;exp_ER_GNN_Steiner_TSP_50;graph_ER_50_1_L_50_111;output_exact.csv;
113;mlst_exact_output_graph.py;exp_ER_GNN_Steiner_TSP_50;graph_ER_50_1_L_50_112;output_exact.csv;
114;mlst_exact_output_graph.py;exp_ER_GNN_Steiner_TSP_50;graph_ER_50_1_L_50_113;output_exact.csv;
115;mlst_exact_output_graph.py;exp_ER_GNN_Steiner_TSP_50;graph_ER_50_1_L_50_114;output_exact.csv;
116;mlst_exact_output_graph.py;exp_ER_GNN_Steiner_TSP_50;graph_ER_50_1_L_50_115;output_exact.csv;
117;mlst_exact_output_graph.py;exp_ER_GNN_Steiner_TSP_50;graph_ER_50_1_L_50_116;output_exact.csv;
118;mlst_exact_output_graph.py;exp_ER_GNN_Steiner_TSP_50;graph_ER_50_1_L_50_117;output_exact.csv;
119;mlst_exact_output_graph.py;exp_ER_GNN_Steiner_TSP_50;graph_ER_50_1_L_50_118;output_exact.csv;
120;mlst_exact_output_graph.py;exp_ER_GNN_Steiner_TSP_50;graph_ER_50_1_L_50_119;output_exact.csv;
121;mlst_exact_output_graph.py;exp_ER_GNN_Steiner_TSP_50;graph_ER_50_1_L_50_120;output_exact.csv;
122;mlst_exact_output_graph.py;exp_ER_GNN_Steiner_TSP_50;graph_ER_50_1_L_50_121;output_exact.csv;
123;mlst_exact_output_graph.py;exp_ER_GNN_Steiner_TSP_50;graph_ER_50_1_L_50_122;output_exact.csv;
124;mlst_exact_output_graph.py;exp_ER_GNN_Steiner_TSP_50;graph_ER_50_1_L_50_123;output_exact.csv;
125;mlst_exact_output_graph.py;exp_ER_GNN_Steiner_TSP_50;graph_ER_50_1_L_50_124;output_exact.csv;
126;mlst_exact_output_graph.py;exp_ER_GNN_Steiner_TSP_50;graph_ER_50_1_L_50_125;output_exact.csv;
127;mlst_exact_output_graph.py;exp_ER_GNN_Steiner_TSP_50;graph_ER_50_1_L_50_126;output_exact.csv;
128;mlst_exact_output_graph.py;exp_ER_GNN_Steiner_TSP_50;graph_ER_50_1_L_50_127;output_exact.csv;
129;mlst_exact_output_graph.py;exp_ER_GNN_Steiner_TSP_50;graph_ER_50_1_L_50_128;output_exact.csv;
130;mlst_exact_output_graph.py;exp_ER_GNN_Steiner_TSP_50;graph_ER_50_1_L_50_129;output_exact.csv;
131;mlst_exact_output_graph.py;exp_ER_GNN_Steiner_TSP_50;graph_ER_50_1_L_50_130;output_exact.csv;
132;mlst_exact_output_graph.py;exp_ER_GNN_Steiner_TSP_50;graph_ER_50_1_L_50_131;output_exact.csv;
133;mlst_exact_output_graph.py;exp_ER_GNN_Steiner_TSP_50;graph_ER_50_1_L_50_132;output_exact.csv;
134;mlst_exact_output_graph.py;exp_ER_GNN_Steiner_TSP_50;graph_ER_50_1_L_50_133;output_exact.csv;
135;mlst_exact_output_graph.py;exp_ER_GNN_Steiner_TSP_50;graph_ER_50_1_L_50_134;output_exact.csv;
136;mlst_exact_output_graph.py;exp_ER_GNN_Steiner_TSP_50;graph_ER_50_1_L_50_135;output_exact.csv;
137;mlst_exact_output_graph.py;exp_ER_GNN_Steiner_TSP_50;graph_ER_50_1_L_50_136;output_exact.csv;
138;mlst_exact_output_graph.py;exp_ER_GNN_Steiner_TSP_50;graph_ER_50_1_L_50_137;output_exact.csv;
139;mlst_exact_output_graph.py;exp_ER_GNN_Steiner_TSP_50;graph_ER_50_1_L_50_138;output_exact.csv;
140;mlst_exact_output_graph.py;exp_ER_GNN_Steiner_TSP_50;graph_ER_50_1_L_50_139;output_exact.csv;
141;mlst_exact_output_graph.py;exp_ER_GNN_Steiner_TSP_50;graph_ER_50_1_L_50_140;output_exact.csv;
142;mlst_exact_output_graph.py;exp_ER_GNN_Steiner_TSP_50;graph_ER_50_1_L_50_141;output_exact.csv;
143;mlst_exact_output_graph.py;exp_ER_GNN_Steiner_TSP_50;graph_ER_50_1_L_50_142;output_exact.csv;
144;mlst_exact_output_graph.py;exp_ER_GNN_Steiner_TSP_50;graph_ER_50_1_L_50_143;output_exact.csv;
145;mlst_exact_output_graph.py;exp_ER_GNN_Steiner_TSP_50;graph_ER_50_1_L_50_144;output_exact.csv;
146;mlst_exact_output_graph.py;exp_ER_GNN_Steiner_TSP_50;graph_ER_50_1_L_50_145;output_exact.csv;
147;mlst_exact_output_graph.py;exp_ER_GNN_Steiner_TSP_50;graph_ER_50_1_L_50_146;output_exact.csv;
148;mlst_exact_output_graph.py;exp_ER_GNN_Steiner_TSP_50;graph_ER_50_1_L_50_147;output_exact.csv;
149;mlst_exact_output_graph.py;exp_ER_GNN_Steiner_TSP_50;graph_ER_50_1_L_50_148;output_exact.csv;
150;mlst_exact_output_graph.py;exp_ER_GNN_Steiner_TSP_50;graph_ER_50_1_L_50_149;output_exact.csv;
151;mlst_exact_output_graph.py;exp_ER_GNN_Steiner_TSP_50;graph_ER_50_1_L_50_150;output_exact.csv;
152;mlst_exact_output_graph.py;exp_ER_GNN_Steiner_TSP_50;graph_ER_50_1_L_50_151;output_exact.csv;
153;mlst_exact_output_graph.py;exp_ER_GNN_Steiner_TSP_50;graph_ER_50_1_L_50_152;output_exact.csv;
154;mlst_exact_output_graph.py;exp_ER_GNN_Steiner_TSP_50;graph_ER_50_1_L_50_153;output_exact.csv;
155;mlst_exact_output_graph.py;exp_ER_GNN_Steiner_TSP_50;graph_ER_50_1_L_50_154;output_exact.csv;
156;mlst_exact_output_graph.py;exp_ER_GNN_Steiner_TSP_50;graph_ER_50_1_L_50_155;output_exact.csv;
157;mlst_exact_output_graph.py;exp_ER_GNN_Steiner_TSP_50;graph_ER_50_1_L_50_156;output_exact.csv;
158;mlst_exact_output_graph.py;exp_ER_GNN_Steiner_TSP_50;graph_ER_50_1_L_50_157;output_exact.csv;
159;mlst_exact_output_graph.py;exp_ER_GNN_Steiner_TSP_50;graph_ER_50_1_L_50_158;output_exact.csv;
160;mlst_exact_output_graph.py;exp_ER_GNN_Steiner_TSP_50;graph_ER_50_1_L_50_159;output_exact.csv;
161;mlst_exact_output_graph.py;exp_ER_GNN_Steiner_TSP_50;graph_ER_50_1_L_50_160;output_exact.csv;
162;mlst_exact_output_graph.py;exp_ER_GNN_Steiner_TSP_50;graph_ER_50_1_L_50_161;output_exact.csv;
163;mlst_exact_output_graph.py;exp_ER_GNN_Steiner_TSP_50;graph_ER_50_1_L_50_162;output_exact.csv;
164;mlst_exact_output_graph.py;exp_ER_GNN_Steiner_TSP_50;graph_ER_50_1_L_50_163;output_exact.csv;
165;mlst_exact_output_graph.py;exp_ER_GNN_Steiner_TSP_50;graph_ER_50_1_L_50_164;output_exact.csv;
166;mlst_exact_output_graph.py;exp_ER_GNN_Steiner_TSP_50;graph_ER_50_1_L_50_165;output_exact.csv;
167;mlst_exact_output_graph.py;exp_ER_GNN_Steiner_TSP_50;graph_ER_50_1_L_50_166;output_exact.csv;
168;mlst_exact_output_graph.py;exp_ER_GNN_Steiner_TSP_50;graph_ER_50_1_L_50_167;output_exact.csv;
169;mlst_exact_output_graph.py;exp_ER_GNN_Steiner_TSP_50;graph_ER_50_1_L_50_168;output_exact.csv;
170;mlst_exact_output_graph.py;exp_ER_GNN_Steiner_TSP_50;graph_ER_50_1_L_50_169;output_exact.csv;
171;mlst_exact_output_graph.py;exp_ER_GNN_Steiner_TSP_50;graph_ER_50_1_L_50_170;output_exact.csv;
172;mlst_exact_output_graph.py;exp_ER_GNN_Steiner_TSP_50;graph_ER_50_1_L_50_171;output_exact.csv;
173;mlst_exact_output_graph.py;exp_ER_GNN_Steiner_TSP_50;graph_ER_50_1_L_50_172;output_exact.csv;
174;mlst_exact_output_graph.py;exp_ER_GNN_Steiner_TSP_50;graph_ER_50_1_L_50_173;output_exact.csv;
175;mlst_exact_output_graph.py;exp_ER_GNN_Steiner_TSP_50;graph_ER_50_1_L_50_174;output_exact.csv;
176;mlst_exact_output_graph.py;exp_ER_GNN_Steiner_TSP_50;graph_ER_50_1_L_50_175;output_exact.csv;
177;mlst_exact_output_graph.py;exp_ER_GNN_Steiner_TSP_50;graph_ER_50_1_L_50_176;output_exact.csv;
178;mlst_exact_output_graph.py;exp_ER_GNN_Steiner_TSP_50;graph_ER_50_1_L_50_177;output_exact.csv;
179;mlst_exact_output_graph.py;exp_ER_GNN_Steiner_TSP_50;graph_ER_50_1_L_50_178;output_exact.csv;
180;mlst_exact_output_graph.py;exp_ER_GNN_Steiner_TSP_50;graph_ER_50_1_L_50_179;output_exact.csv;
181;mlst_exact_output_graph.py;exp_ER_GNN_Steiner_TSP_50;graph_ER_50_1_L_50_180;output_exact.csv;
182;mlst_exact_output_graph.py;exp_ER_GNN_Steiner_TSP_50;graph_ER_50_1_L_50_181;output_exact.csv;
183;mlst_exact_output_graph.py;exp_ER_GNN_Steiner_TSP_50;graph_ER_50_1_L_50_182;output_exact.csv;
184;mlst_exact_output_graph.py;exp_ER_GNN_Steiner_TSP_50;graph_ER_50_1_L_50_183;output_exact.csv;
185;mlst_exact_output_graph.py;exp_ER_GNN_Steiner_TSP_50;graph_ER_50_1_L_50_184;output_exact.csv;
186;mlst_exact_output_graph.py;exp_ER_GNN_Steiner_TSP_50;graph_ER_50_1_L_50_185;output_exact.csv;
187;mlst_exact_output_graph.py;exp_ER_GNN_Steiner_TSP_50;graph_ER_50_1_L_50_186;output_exact.csv;
188;mlst_exact_output_graph.py;exp_ER_GNN_Steiner_TSP_50;graph_ER_50_1_L_50_187;output_exact.csv;
189;mlst_exact_output_graph.py;exp_ER_GNN_Steiner_TSP_50;graph_ER_50_1_L_50_188;output_exact.csv;
190;mlst_exact_output_graph.py;exp_ER_GNN_Steiner_TSP_50;graph_ER_50_1_L_50_189;output_exact.csv;
191;mlst_exact_output_graph.py;exp_ER_GNN_Steiner_TSP_50;graph_ER_50_1_L_50_190;output_exact.csv;
192;mlst_exact_output_graph.py;exp_ER_GNN_Steiner_TSP_50;graph_ER_50_1_L_50_191;output_exact.csv;
193;mlst_exact_output_graph.py;exp_ER_GNN_Steiner_TSP_50;graph_ER_50_1_L_50_192;output_exact.csv;
194;mlst_exact_output_graph.py;exp_ER_GNN_Steiner_TSP_50;graph_ER_50_1_L_50_193;output_exact.csv;
195;mlst_exact_output_graph.py;exp_ER_GNN_Steiner_TSP_50;graph_ER_50_1_L_50_194;output_exact.csv;
196;mlst_exact_output_graph.py;exp_ER_GNN_Steiner_TSP_50;graph_ER_50_1_L_50_195;output_exact.csv;
197;mlst_exact_output_graph.py;exp_ER_GNN_Steiner_TSP_50;graph_ER_50_1_L_50_196;output_exact.csv;
198;mlst_exact_output_graph.py;exp_ER_GNN_Steiner_TSP_50;graph_ER_50_1_L_50_197;output_exact.csv;
199;mlst_exact_output_graph.py;exp_ER_GNN_Steiner_TSP_50;graph_ER_50_1_L_50_198;output_exact.csv;
200;mlst_exact_output_graph.py;exp_ER_GNN_Steiner_TSP_50;graph_ER_50_1_L_50_199;output_exact.csv;
