1;mlst_qos.py;exp_ER_GNN_Steiner_TSP_50;graph_ER_50_1_L_50_0;output_qos.csv;
2;mlst_qos.py;exp_ER_GNN_Steiner_TSP_50;graph_ER_50_1_L_50_1;output_qos.csv;
3;mlst_qos.py;exp_ER_GNN_Steiner_TSP_50;graph_ER_50_1_L_50_2;output_qos.csv;
4;mlst_qos.py;exp_ER_GNN_Steiner_TSP_50;graph_ER_50_1_L_50_3;output_qos.csv;
5;mlst_qos.py;exp_ER_GNN_Steiner_TSP_50;graph_ER_50_1_L_50_4;output_qos.csv;
6;mlst_qos.py;exp_ER_GNN_Steiner_TSP_50;graph_ER_50_1_L_50_5;output_qos.csv;
7;mlst_qos.py;exp_ER_GNN_Steiner_TSP_50;graph_ER_50_1_L_50_6;output_qos.csv;
8;mlst_qos.py;exp_ER_GNN_Steiner_TSP_50;graph_ER_50_1_L_50_7;output_qos.csv;
9;mlst_qos.py;exp_ER_GNN_Steiner_TSP_50;graph_ER_50_1_L_50_8;output_qos.csv;
10;mlst_qos.py;exp_ER_GNN_Steiner_TSP_50;graph_ER_50_1_L_50_9;output_qos.csv;
11;mlst_qos.py;exp_ER_GNN_Steiner_TSP_50;graph_ER_50_1_L_50_10;output_qos.csv;
12;mlst_qos.py;exp_ER_GNN_Steiner_TSP_50;graph_ER_50_1_L_50_11;output_qos.csv;
13;mlst_qos.py;exp_ER_GNN_Steiner_TSP_50;graph_ER_50_1_L_50_12;output_qos.csv;
14;mlst_qos.py;exp_ER_GNN_Steiner_TSP_50;graph_ER_50_1_L_50_13;output_qos.csv;
15;mlst_qos.py;exp_ER_GNN_Steiner_TSP_50;graph_ER_50_1_L_50_14;output_qos.csv;
16;mlst_qos.py;exp_ER_GNN_Steiner_TSP_50;graph_ER_50_1_L_50_15;output_qos.csv;
17;mlst_qos.py;exp_ER_GNN_Steiner_TSP_50;graph_ER_50_1_L_50_16;output_qos.csv;
18;mlst_qos.py;exp_ER_GNN_Steiner_TSP_50;graph_ER_50_1_L_50_17;output_qos.csv;
19;mlst_qos.py;exp_ER_GNN_Steiner_TSP_50;graph_ER_50_1_L_50_18;output_qos.csv;
20;mlst_qos.py;exp_ER_GNN_Steiner_TSP_50;graph_ER_50_1_L_50_19;output_qos.csv;
21;mlst_qos.py;exp_ER_GNN_Steiner_TSP_50;graph_ER_50_1_L_50_20;output_qos.csv;
22;mlst_qos.py;exp_ER_GNN_Steiner_TSP_50;graph_ER_50_1_L_50_21;output_qos.csv;
23;mlst_qos.py;exp_ER_GNN_Steiner_TSP_50;graph_ER_50_1_L_50_22;output_qos.csv;
24;mlst_qos.py;exp_ER_GNN_Steiner_TSP_50;graph_ER_50_1_L_50_23;output_qos.csv;
25;mlst_qos.py;exp_ER_GNN_Steiner_TSP_50;graph_ER_50_1_L_50_24;output_qos.csv;
26;mlst_qos.py;exp_ER_GNN_Steiner_TSP_50;graph_ER_50_1_L_50_25;output_qos.csv;
27;mlst_qos.py;exp_ER_GNN_Steiner_TSP_50;graph_ER_50_1_L_50_26;output_qos.csv;
28;mlst_qos.py;exp_ER_GNN_Steiner_TSP_50;graph_ER_50_1_L_50_27;output_qos.csv;
29;mlst_qos.py;exp_ER_GNN_Steiner_TSP_50;graph_ER_50_1_L_50_28;output_qos.csv;
30;mlst_qos.py;exp_ER_GNN_Steiner_TSP_50;graph_ER_50_1_L_50_29;output_qos.csv;
31;mlst_qos.py;exp_ER_GNN_Steiner_TSP_50;graph_ER_50_1_L_50_30;output_qos.csv;
32;mlst_qos.py;exp_ER_GNN_Steiner_TSP_50;graph_ER_50_1_L_50_31;output_qos.csv;
33;mlst_qos.py;exp_ER_GNN_Steiner_TSP_50;graph_ER_50_1_L_50_32;output_qos.csv;
34;mlst_qos.py;exp_ER_GNN_Steiner_TSP_50;graph_ER_50_1_L_50_33;output_qos.csv;
35;mlst_qos.py;exp_ER_GNN_Steiner_TSP_50;graph_ER_50_1_L_50_34;output_qos.csv;
36;mlst_qos.py;exp_ER_GNN_Steiner_TSP_50;graph_ER_50_1_L_50_35;output_qos.csv;
37;mlst_qos.py;exp_ER_GNN_Steiner_TSP_50;graph_ER_50_1_L_50_36;output_qos.csv;
38;mlst_qos.py;exp_ER_GNN_Steiner_TSP_50;graph_ER_50_1_L_50_37;output_qos.csv;
39;mlst_qos.py;exp_ER_GNN_Steiner_TSP_50;graph_ER_50_1_L_50_38;output_qos.csv;
40;mlst_qos.py;exp_ER_GNN_Steiner_TSP_50;graph_ER_50_1_L_50_39;output_qos.csv;
41;mlst_qos.py;exp_ER_GNN_Steiner_TSP_50;graph_ER_50_1_L_50_40;output_qos.csv;
42;mlst_qos.py;exp_ER_GNN_Steiner_TSP_50;graph_ER_50_1_L_50_41;output_qos.csv;
43;mlst_qos.py;exp_ER_GNN_Steiner_TSP_50;graph_ER_50_1_L_50_42;output_qos.csv;
44;mlst_qos.py;exp_ER_GNN_Steiner_TSP_50;graph_ER_50_1_L_50_43;output_qos.csv;
45;mlst_qos.py;exp_ER_GNN_Steiner_TSP_50;graph_ER_50_1_L_50_44;output_qos.csv;
46;mlst_qos.py;exp_ER_GNN_Steiner_TSP_50;graph_ER_50_1_L_50_45;output_qos.csv;
47;mlst_qos.py;exp_ER_GNN_Steiner_TSP_50;graph_ER_50_1_L_50_46;output_qos.csv;
48;mlst_qos.py;exp_ER_GNN_Steiner_TSP_50;graph_ER_50_1_L_50_47;output_qos.csv;
49;mlst_qos.py;exp_ER_GNN_Steiner_TSP_50;graph_ER_50_1_L_50_48;output_qos.csv;
50;mlst_qos.py;exp_ER_GNN_Steiner_TSP_50;graph_ER_50_1_L_50_49;output_qos.csv;
51;mlst_qos.py;exp_ER_GNN_Steiner_TSP_50;graph_ER_50_1_L_50_50;output_qos.csv;
52;mlst_qos.py;exp_ER_GNN_Steiner_TSP_50;graph_ER_50_1_L_50_51;output_qos.csv;
53;mlst_qos.py;exp_ER_GNN_Steiner_TSP_50;graph_ER_50_1_L_50_52;output_qos.csv;
54;mlst_qos.py;exp_ER_GNN_Steiner_TSP_50;graph_ER_50_1_L_50_53;output_qos.csv;
55;mlst_qos.py;exp_ER_GNN_Steiner_TSP_50;graph_ER_50_1_L_50_54;output_qos.csv;
56;mlst_qos.py;exp_ER_GNN_Steiner_TSP_50;graph_ER_50_1_L_50_55;output_qos.csv;
57;mlst_qos.py;exp_ER_GNN_Steiner_TSP_50;graph_ER_50_1_L_50_56;output_qos.csv;
58;mlst_qos.py;exp_ER_GNN_Steiner_TSP_50;graph_ER_50_1_L_50_57;output_qos.csv;
59;mlst_qos.py;exp_ER_GNN_Steiner_TSP_50;graph_ER_50_1_L_50_58;output_qos.csv;
60;mlst_qos.py;exp_ER_GNN_Steiner_TSP_50;graph_ER_50_1_L_50_59;output_qos.csv;
61;mlst_qos.py;exp_ER_GNN_Steiner_TSP_50;graph_ER_50_1_L_50_60;output_qos.csv;
62;mlst_qos.py;exp_ER_GNN_Steiner_TSP_50;graph_ER_50_1_L_50_61;output_qos.csv;
63;mlst_qos.py;exp_ER_GNN_Steiner_TSP_50;graph_ER_50_1_L_50_62;output_qos.csv;
64;mlst_qos.py;exp_ER_GNN_Steiner_TSP_50;graph_ER_50_1_L_50_63;output_qos.csv;
65;mlst_qos.py;exp_ER_GNN_Steiner_TSP_50;graph_ER_50_1_L_50_64;output_qos.csv;
66;mlst_qos.py;exp_ER_GNN_Steiner_TSP_50;graph_ER_50_1_L_50_65;output_qos.csv;
67;mlst_qos.py;exp_ER_GNN_Steiner_TSP_50;graph_ER_50_1_L_50_66;output_qos.csv;
68;mlst_qos.py;exp_ER_GNN_Steiner_TSP_50;graph_ER_50_1_L_50_67;output_qos.csv;
69;mlst_qos.py;exp_ER_GNN_Steiner_TSP_50;graph_ER_50_1_L_50_68;output_qos.csv;
70;mlst_qos.py;exp_ER_GNN_Steiner_TSP_50;graph_ER_50_1_L_50_69;output_qos.csv;
71;mlst_qos.py;exp_ER_GNN_Steiner_TSP_50;graph_ER_50_1_L_50_70;output_qos.csv;
72;mlst_qos.py;exp_ER_GNN_Steiner_TSP_50;graph_ER_50_1_L_50_71;output_qos.csv;
73;mlst_qos.py;exp_ER_GNN_Steiner_TSP_50;graph_ER_50_1_L_50_72;output_qos.csv;
74;mlst_qos.py;exp_ER_GNN_Steiner_TSP_50;graph_ER_50_1_L_50_73;output_qos.csv;
75;mlst_qos.py;exp_ER_GNN_Steiner_TSP_50;graph_ER_50_1_L_50_74;output_qos.csv;
76;mlst_qos.py;exp_ER_GNN_Steiner_TSP_50;graph_ER_50_1_L_50_75;output_qos.csv;
77;mlst_qos.py;exp_ER_GNN_Steiner_TSP_50;graph_ER_50_1_L_50_76;output_qos.csv;
78;mlst_qos.py;exp_ER_GNN_Steiner_TSP_50;graph_ER_50_1_L_50_77;output_qos.csv;
79;mlst_qos.py;exp_ER_GNN_Steiner_TSP_50;graph_ER_50_1_L_50_78;output_qos.csv;
80;mlst_qos.py;exp_ER_GNN_Steiner_TSP_50;graph_ER_50_1_L_50_79;output_qos.csv;
81;mlst_qos.py;exp_ER_GNN_Steiner_TSP_50;graph_ER_50_1_L_50_80;output_qos.csv;
82;mlst_qos.py;exp_ER_GNN_Steiner_TSP_50;graph_ER_50_1_L_50_81;output_qos.csv;
83;mlst_qos.py;exp_ER_GNN_Steiner_TSP_50;graph_ER_50_1_L_50_82;output_qos.csv;
84;mlst_qos.py;exp_ER_GNN_Steiner_TSP_50;graph_ER_50_1_L_50_83;output_qos.csv;
85;mlst_qos.py;exp_ER_GNN_Steiner_TSP_50;graph_ER_50_1_L_50_84;output_qos.csv;
86;mlst_qos.py;exp_ER_GNN_Steiner_TSP_50;graph_ER_50_1_L_50_85;output_qos.csv;
87;mlst_qos.py;exp_ER_GNN_Steiner_TSP_50;graph_ER_50_1_L_50_86;output_qos.csv;
88;mlst_qos.py;exp_ER_GNN_Steiner_TSP_50;graph_ER_50_1_L_50_87;output_qos.csv;
89;mlst_qos.py;exp_ER_GNN_Steiner_TSP_50;graph_ER_50_1_L_50_88;output_qos.csv;
90;mlst_qos.py;exp_ER_GNN_Steiner_TSP_50;graph_ER_50_1_L_50_89;output_qos.csv;
91;mlst_qos.py;exp_ER_GNN_Steiner_TSP_50;graph_ER_50_1_L_50_90;output_qos.csv;
92;mlst_qos.py;exp_ER_GNN_Steiner_TSP_50;graph_ER_50_1_L_50_91;output_qos.csv;
93;mlst_qos.py;exp_ER_GNN_Steiner_TSP_50;graph_ER_50_1_L_50_92;output_qos.csv;
94;mlst_qos.py;exp_ER_GNN_Steiner_TSP_50;graph_ER_50_1_L_50_93;output_qos.csv;
95;mlst_qos.py;exp_ER_GNN_Steiner_TSP_50;graph_ER_50_1_L_50_94;output_qos.csv;
96;mlst_qos.py;exp_ER_GNN_Steiner_TSP_50;graph_ER_50_1_L_50_95;output_qos.csv;
97;mlst_qos.py;exp_ER_GNN_Steiner_TSP_50;graph_ER_50_1_L_50_96;output_qos.csv;
98;mlst_qos.py;exp_ER_GNN_Steiner_TSP_50;graph_ER_50_1_L_50_97;output_qos.csv;
99;mlst_qos.py;exp_ER_GNN_Steiner_TSP_50;graph_ER_50_1_L_50_98;output_qos.csv;
100;mlst_qos.py;exp_ER_GNN_Steiner_TSP_50;graph_ER_50_1_L_50_99;output_qos.csv;
101;mlst_qos.py;exp_ER_GNN_Steiner_TSP_50;graph_ER_50_1_L_50_100;output_qos.csv;
102;mlst_qos.py;exp_ER_GNN_Steiner_TSP_50;graph_ER_50_1_L_50_101;output_qos.csv;
103;mlst_qos.py;exp_ER_GNN_Steiner_TSP_50;graph_ER_50_1_L_50_102;output_qos.csv;
104;mlst_qos.py;exp_ER_GNN_Steiner_TSP_50;graph_ER_50_1_L_50_103;output_qos.csv;
105;mlst_qos.py;exp_ER_GNN_Steiner_TSP_50;graph_ER_50_1_L_50_104;output_qos.csv;
106;mlst_qos.py;exp_ER_GNN_Steiner_TSP_50;graph_ER_50_1_L_50_105;output_qos.csv;
107;mlst_qos.py;exp_ER_GNN_Steiner_TSP_50;graph_ER_50_1_L_50_106;output_qos.csv;
108;mlst_qos.py;exp_ER_GNN_Steiner_TSP_50;graph_ER_50_1_L_50_107;output_qos.csv;
109;mlst_qos.py;exp_ER_GNN_Steiner_TSP_50;graph_ER_50_1_L_50_108;output_qos.csv;
110;mlst_qos.py;exp_ER_GNN_Steiner_TSP_50;graph_ER_50_1_L_50_109;output_qos.csv;
111;mlst_qos.py;exp_ER_GNN_Steiner_TSP_50;graph_ER_50_1_L_50_110;output_qos.csv;
112;mlst_qos.py;exp_ER_GNN_Steiner_TSP_50;graph_ER_50_1_L_50_111;output_qos.csv;
113;mlst_qos.py;exp_ER_GNN_Steiner_TSP_50;graph_ER_50_1_L_50_112;output_qos.csv;
114;mlst_qos.py;exp_ER_GNN_Steiner_TSP_50;graph_ER_50_1_L_50_113;output_qos.csv;
115;mlst_qos.py;exp_ER_GNN_Steiner_TSP_50;graph_ER_50_1_L_50_114;output_qos.csv;
116;mlst_qos.py;exp_ER_GNN_Steiner_TSP_50;graph_ER_50_1_L_50_115;output_qos.csv;
117;mlst_qos.py;exp_ER_GNN_Steiner_TSP_50;graph_ER_50_1_L_50_116;output_qos.csv;
118;mlst_qos.py;exp_ER_GNN_Steiner_TSP_50;graph_ER_50_1_L_50_117;output_qos.csv;
119;mlst_qos.py;exp_ER_GNN_Steiner_TSP_50;graph_ER_50_1_L_50_118;output_qos.csv;
120;mlst_qos.py;exp_ER_GNN_Steiner_TSP_50;graph_ER_50_1_L_50_119;output_qos.csv;
121;mlst_qos.py;exp_ER_GNN_Steiner_TSP_50;graph_ER_50_1_L_50_120;output_qos.csv;
122;mlst_qos.py;exp_ER_GNN_Steiner_TSP_50;graph_ER_50_1_L_50_121;output_qos.csv;
123;mlst_qos.py;exp_ER_GNN_Steiner_TSP_50;graph_ER_50_1_L_50_122;output_qos.csv;
124;mlst_qos.py;exp_ER_GNN_Steiner_TSP_50;graph_ER_50_1_L_50_123;output_qos.csv;
125;mlst_qos.py;exp_ER_GNN_Steiner_TSP_50;graph_ER_50_1_L_50_124;output_qos.csv;
126;mlst_qos.py;exp_ER_GNN_Steiner_TSP_50;graph_ER_50_1_L_50_125;output_qos.csv;
127;mlst_qos.py;exp_ER_GNN_Steiner_TSP_50;graph_ER_50_1_L_50_126;output_qos.csv;
128;mlst_qos.py;exp_ER_GNN_Steiner_TSP_50;graph_ER_50_1_L_50_127;output_qos.csv;
129;mlst_qos.py;exp_ER_GNN_Steiner_TSP_50;graph_ER_50_1_L_50_128;output_qos.csv;
130;mlst_qos.py;exp_ER_GNN_Steiner_TSP_50;graph_ER_50_1_L_50_129;output_qos.csv;
131;mlst_qos.py;exp_ER_GNN_Steiner_TSP_50;graph_ER_50_1_L_50_130;output_qos.csv;
132;mlst_qos.py;exp_ER_GNN_Steiner_TSP_50;graph_ER_50_1_L_50_131;output_qos.csv;
133;mlst_qos.py;exp_ER_GNN_Steiner_TSP_50;graph_ER_50_1_L_50_132;output_qos.csv;
134;mlst_qos.py;exp_ER_GNN_Steiner_TSP_50;graph_ER_50_1_L_50_133;output_qos.csv;
135;mlst_qos.py;exp_ER_GNN_Steiner_TSP_50;graph_ER_50_1_L_50_134;output_qos.csv;
136;mlst_qos.py;exp_ER_GNN_Steiner_TSP_50;graph_ER_50_1_L_50_135;output_qos.csv;
137;mlst_qos.py;exp_ER_GNN_Steiner_TSP_50;graph_ER_50_1_L_50_136;output_qos.csv;
138;mlst_qos.py;exp_ER_GNN_Steiner_TSP_50;graph_ER_50_1_L_50_137;output_qos.csv;
139;mlst_qos.py;exp_ER_GNN_Steiner_TSP_50;graph_ER_50_1_L_50_138;output_qos.csv;
140;mlst_qos.py;exp_ER_GNN_Steiner_TSP_50;graph_ER_50_1_L_50_139;output_qos.csv;
141;mlst_qos.py;exp_ER_GNN_Steiner_TSP_50;graph_ER_50_1_L_50_140;output_qos.csv;
142;mlst_qos.py;exp_ER_GNN_Steiner_TSP_50;graph_ER_50_1_L_50_141;output_qos.csv;
143;mlst_qos.py;exp_ER_GNN_Steiner_TSP_50;graph_ER_50_1_L_50_142;output_qos.csv;
144;mlst_qos.py;exp_ER_GNN_Steiner_TSP_50;graph_ER_50_1_L_50_143;output_qos.csv;
145;mlst_qos.py;exp_ER_GNN_Steiner_TSP_50;graph_ER_50_1_L_50_144;output_qos.csv;
146;mlst_qos.py;exp_ER_GNN_Steiner_TSP_50;graph_ER_50_1_L_50_145;output_qos.csv;
147;mlst_qos.py;exp_ER_GNN_Steiner_TSP_50;graph_ER_50_1_L_50_146;output_qos.csv;
148;mlst_qos.py;exp_ER_GNN_Steiner_TSP_50;graph_ER_50_1_L_50_147;output_qos.csv;
149;mlst_qos.py;exp_ER_GNN_Steiner_TSP_50;graph_ER_50_1_L_50_148;output_qos.csv;
150;mlst_qos.py;exp_ER_GNN_Steiner_TSP_50;graph_ER_50_1_L_50_149;output_qos.csv;
151;mlst_qos.py;exp_ER_GNN_Steiner_TSP_50;graph_ER_50_1_L_50_150;output_qos.csv;
152;mlst_qos.py;exp_ER_GNN_Steiner_TSP_50;graph_ER_50_1_L_50_151;output_qos.csv;
153;mlst_qos.py;exp_ER_GNN_Steiner_TSP_50;graph_ER_50_1_L_50_152;output_qos.csv;
154;mlst_qos.py;exp_ER_GNN_Steiner_TSP_50;graph_ER_50_1_L_50_153;output_qos.csv;
155;mlst_qos.py;exp_ER_GNN_Steiner_TSP_50;graph_ER_50_1_L_50_154;output_qos.csv;
156;mlst_qos.py;exp_ER_GNN_Steiner_TSP_50;graph_ER_50_1_L_50_155;output_qos.csv;
157;mlst_qos.py;exp_ER_GNN_Steiner_TSP_50;graph_ER_50_1_L_50_156;output_qos.csv;
158;mlst_qos.py;exp_ER_GNN_Steiner_TSP_50;graph_ER_50_1_L_50_157;output_qos.csv;
159;mlst_qos.py;exp_ER_GNN_Steiner_TSP_50;graph_ER_50_1_L_50_158;output_qos.csv;
160;mlst_qos.py;exp_ER_GNN_Steiner_TSP_50;graph_ER_50_1_L_50_159;output_qos.csv;
161;mlst_qos.py;exp_ER_GNN_Steiner_TSP_50;graph_ER_50_1_L_50_160;output_qos.csv;
162;mlst_qos.py;exp_ER_GNN_Steiner_TSP_50;graph_ER_50_1_L_50_161;output_qos.csv;
163;mlst_qos.py;exp_ER_GNN_Steiner_TSP_50;graph_ER_50_1_L_50_162;output_qos.csv;
164;mlst_qos.py;exp_ER_GNN_Steiner_TSP_50;graph_ER_50_1_L_50_163;output_qos.csv;
165;mlst_qos.py;exp_ER_GNN_Steiner_TSP_50;graph_ER_50_1_L_50_164;output_qos.csv;
166;mlst_qos.py;exp_ER_GNN_Steiner_TSP_50;graph_ER_50_1_L_50_165;output_qos.csv;
167;mlst_qos.py;exp_ER_GNN_Steiner_TSP_50;graph_ER_50_1_L_50_166;output_qos.csv;
168;mlst_qos.py;exp_ER_GNN_Steiner_TSP_50;graph_ER_50_1_L_50_167;output_qos.csv;
169;mlst_qos.py;exp_ER_GNN_Steiner_TSP_50;graph_ER_50_1_L_50_168;output_qos.csv;
170;mlst_qos.py;exp_ER_GNN_Steiner_TSP_50;graph_ER_50_1_L_50_169;output_qos.csv;
171;mlst_qos.py;exp_ER_GNN_Steiner_TSP_50;graph_ER_50_1_L_50_170;output_qos.csv;
172;mlst_qos.py;exp_ER_GNN_Steiner_TSP_50;graph_ER_50_1_L_50_171;output_qos.csv;
173;mlst_qos.py;exp_ER_GNN_Steiner_TSP_50;graph_ER_50_1_L_50_172;output_qos.csv;
174;mlst_qos.py;exp_ER_GNN_Steiner_TSP_50;graph_ER_50_1_L_50_173;output_qos.csv;
175;mlst_qos.py;exp_ER_GNN_Steiner_TSP_50;graph_ER_50_1_L_50_174;output_qos.csv;
176;mlst_qos.py;exp_ER_GNN_Steiner_TSP_50;graph_ER_50_1_L_50_175;output_qos.csv;
177;mlst_qos.py;exp_ER_GNN_Steiner_TSP_50;graph_ER_50_1_L_50_176;output_qos.csv;
178;mlst_qos.py;exp_ER_GNN_Steiner_TSP_50;graph_ER_50_1_L_50_177;output_qos.csv;
179;mlst_qos.py;exp_ER_GNN_Steiner_TSP_50;graph_ER_50_1_L_50_178;output_qos.csv;
180;mlst_qos.py;exp_ER_GNN_Steiner_TSP_50;graph_ER_50_1_L_50_179;output_qos.csv;
181;mlst_qos.py;exp_ER_GNN_Steiner_TSP_50;graph_ER_50_1_L_50_180;output_qos.csv;
182;mlst_qos.py;exp_ER_GNN_Steiner_TSP_50;graph_ER_50_1_L_50_181;output_qos.csv;
183;mlst_qos.py;exp_ER_GNN_Steiner_TSP_50;graph_ER_50_1_L_50_182;output_qos.csv;
184;mlst_qos.py;exp_ER_GNN_Steiner_TSP_50;graph_ER_50_1_L_50_183;output_qos.csv;
185;mlst_qos.py;exp_ER_GNN_Steiner_TSP_50;graph_ER_50_1_L_50_184;output_qos.csv;
186;mlst_qos.py;exp_ER_GNN_Steiner_TSP_50;graph_ER_50_1_L_50_185;output_qos.csv;
187;mlst_qos.py;exp_ER_GNN_Steiner_TSP_50;graph_ER_50_1_L_50_186;output_qos.csv;
188;mlst_qos.py;exp_ER_GNN_Steiner_TSP_50;graph_ER_50_1_L_50_187;output_qos.csv;
189;mlst_qos.py;exp_ER_GNN_Steiner_TSP_50;graph_ER_50_1_L_50_188;output_qos.csv;
190;mlst_qos.py;exp_ER_GNN_Steiner_TSP_50;graph_ER_50_1_L_50_189;output_qos.csv;
191;mlst_qos.py;exp_ER_GNN_Steiner_TSP_50;graph_ER_50_1_L_50_190;output_qos.csv;
192;mlst_qos.py;exp_ER_GNN_Steiner_TSP_50;graph_ER_50_1_L_50_191;output_qos.csv;
193;mlst_qos.py;exp_ER_GNN_Steiner_TSP_50;graph_ER_50_1_L_50_192;output_qos.csv;
194;mlst_qos.py;exp_ER_GNN_Steiner_TSP_50;graph_ER_50_1_L_50_193;output_qos.csv;
195;mlst_qos.py;exp_ER_GNN_Steiner_TSP_50;graph_ER_50_1_L_50_194;output_qos.csv;
196;mlst_qos.py;exp_ER_GNN_Steiner_TSP_50;graph_ER_50_1_L_50_195;output_qos.csv;
197;mlst_qos.py;exp_ER_GNN_Steiner_TSP_50;graph_ER_50_1_L_50_196;output_qos.csv;
198;mlst_qos.py;exp_ER_GNN_Steiner_TSP_50;graph_ER_50_1_L_50_197;output_qos.csv;
199;mlst_qos.py;exp_ER_GNN_Steiner_TSP_50;graph_ER_50_1_L_50_198;output_qos.csv;
200;mlst_qos.py;exp_ER_GNN_Steiner_TSP_50;graph_ER_50_1_L_50_199;output_qos.csv;
