1;mlst_exact.py;I160;i160-001_2;output_exact.csv;
2;mlst_exact.py;I160;i160-001_3;output_exact.csv;
3;mlst_exact.py;I160;i160-001_4;output_exact.csv;
4;mlst_exact.py;I160;i160-001_5;output_exact.csv;
5;mlst_exact.py;I160;i160-001_6;output_exact.csv;
6;mlst_exact.py;I160;i160-002_2;output_exact.csv;
7;mlst_exact.py;I160;i160-002_3;output_exact.csv;
8;mlst_exact.py;I160;i160-002_4;output_exact.csv;
9;mlst_exact.py;I160;i160-002_5;output_exact.csv;
10;mlst_exact.py;I160;i160-002_6;output_exact.csv;
11;mlst_exact.py;I160;i160-003_2;output_exact.csv;
12;mlst_exact.py;I160;i160-003_3;output_exact.csv;
13;mlst_exact.py;I160;i160-003_4;output_exact.csv;
14;mlst_exact.py;I160;i160-003_5;output_exact.csv;
15;mlst_exact.py;I160;i160-003_6;output_exact.csv;
16;mlst_exact.py;I160;i160-004_2;output_exact.csv;
17;mlst_exact.py;I160;i160-004_3;output_exact.csv;
18;mlst_exact.py;I160;i160-004_4;output_exact.csv;
19;mlst_exact.py;I160;i160-004_5;output_exact.csv;
20;mlst_exact.py;I160;i160-004_6;output_exact.csv;
21;mlst_exact.py;I160;i160-005_2;output_exact.csv;
22;mlst_exact.py;I160;i160-005_3;output_exact.csv;
23;mlst_exact.py;I160;i160-005_4;output_exact.csv;
24;mlst_exact.py;I160;i160-005_5;output_exact.csv;
25;mlst_exact.py;I160;i160-005_6;output_exact.csv;
26;mlst_exact.py;I160;i160-011_2;output_exact.csv;
27;mlst_exact.py;I160;i160-011_3;output_exact.csv;
28;mlst_exact.py;I160;i160-011_4;output_exact.csv;
29;mlst_exact.py;I160;i160-011_5;output_exact.csv;
30;mlst_exact.py;I160;i160-011_6;output_exact.csv;
31;mlst_exact.py;I160;i160-012_2;output_exact.csv;
32;mlst_exact.py;I160;i160-012_3;output_exact.csv;
33;mlst_exact.py;I160;i160-012_4;output_exact.csv;
34;mlst_exact.py;I160;i160-012_5;output_exact.csv;
35;mlst_exact.py;I160;i160-012_6;output_exact.csv;
36;mlst_exact.py;I160;i160-013_2;output_exact.csv;
37;mlst_exact.py;I160;i160-013_3;output_exact.csv;
38;mlst_exact.py;I160;i160-013_4;output_exact.csv;
39;mlst_exact.py;I160;i160-013_5;output_exact.csv;
40;mlst_exact.py;I160;i160-013_6;output_exact.csv;
41;mlst_exact.py;I160;i160-014_2;output_exact.csv;
42;mlst_exact.py;I160;i160-014_3;output_exact.csv;
43;mlst_exact.py;I160;i160-014_4;output_exact.csv;
44;mlst_exact.py;I160;i160-014_5;output_exact.csv;
45;mlst_exact.py;I160;i160-014_6;output_exact.csv;
46;mlst_exact.py;I160;i160-015_2;output_exact.csv;
47;mlst_exact.py;I160;i160-015_3;output_exact.csv;
48;mlst_exact.py;I160;i160-015_4;output_exact.csv;
49;mlst_exact.py;I160;i160-015_5;output_exact.csv;
50;mlst_exact.py;I160;i160-015_6;output_exact.csv;
51;mlst_exact.py;I160;i160-021_2;output_exact.csv;
52;mlst_exact.py;I160;i160-021_3;output_exact.csv;
53;mlst_exact.py;I160;i160-021_4;output_exact.csv;
54;mlst_exact.py;I160;i160-021_5;output_exact.csv;
55;mlst_exact.py;I160;i160-021_6;output_exact.csv;
56;mlst_exact.py;I160;i160-022_2;output_exact.csv;
57;mlst_exact.py;I160;i160-022_3;output_exact.csv;
58;mlst_exact.py;I160;i160-022_4;output_exact.csv;
59;mlst_exact.py;I160;i160-022_5;output_exact.csv;
60;mlst_exact.py;I160;i160-022_6;output_exact.csv;
61;mlst_exact.py;I160;i160-023_2;output_exact.csv;
62;mlst_exact.py;I160;i160-023_3;output_exact.csv;
63;mlst_exact.py;I160;i160-023_4;output_exact.csv;
64;mlst_exact.py;I160;i160-023_5;output_exact.csv;
65;mlst_exact.py;I160;i160-023_6;output_exact.csv;
66;mlst_exact.py;I160;i160-024_2;output_exact.csv;
67;mlst_exact.py;I160;i160-024_3;output_exact.csv;
68;mlst_exact.py;I160;i160-024_4;output_exact.csv;
69;mlst_exact.py;I160;i160-024_5;output_exact.csv;
70;mlst_exact.py;I160;i160-024_6;output_exact.csv;
71;mlst_exact.py;I160;i160-025_2;output_exact.csv;
72;mlst_exact.py;I160;i160-025_3;output_exact.csv;
73;mlst_exact.py;I160;i160-025_4;output_exact.csv;
74;mlst_exact.py;I160;i160-025_5;output_exact.csv;
75;mlst_exact.py;I160;i160-025_6;output_exact.csv;
76;mlst_exact.py;I160;i160-031_2;output_exact.csv;
77;mlst_exact.py;I160;i160-031_3;output_exact.csv;
78;mlst_exact.py;I160;i160-031_4;output_exact.csv;
79;mlst_exact.py;I160;i160-031_5;output_exact.csv;
80;mlst_exact.py;I160;i160-031_6;output_exact.csv;
81;mlst_exact.py;I160;i160-032_2;output_exact.csv;
82;mlst_exact.py;I160;i160-032_3;output_exact.csv;
83;mlst_exact.py;I160;i160-032_4;output_exact.csv;
84;mlst_exact.py;I160;i160-032_5;output_exact.csv;
85;mlst_exact.py;I160;i160-032_6;output_exact.csv;
86;mlst_exact.py;I160;i160-033_2;output_exact.csv;
87;mlst_exact.py;I160;i160-033_3;output_exact.csv;
88;mlst_exact.py;I160;i160-033_4;output_exact.csv;
89;mlst_exact.py;I160;i160-033_5;output_exact.csv;
90;mlst_exact.py;I160;i160-033_6;output_exact.csv;
91;mlst_exact.py;I160;i160-034_2;output_exact.csv;
92;mlst_exact.py;I160;i160-034_3;output_exact.csv;
93;mlst_exact.py;I160;i160-034_4;output_exact.csv;
94;mlst_exact.py;I160;i160-034_5;output_exact.csv;
95;mlst_exact.py;I160;i160-034_6;output_exact.csv;
96;mlst_exact.py;I160;i160-035_2;output_exact.csv;
97;mlst_exact.py;I160;i160-035_3;output_exact.csv;
98;mlst_exact.py;I160;i160-035_4;output_exact.csv;
99;mlst_exact.py;I160;i160-035_5;output_exact.csv;
100;mlst_exact.py;I160;i160-035_6;output_exact.csv;
101;mlst_exact.py;I160;i160-041_2;output_exact.csv;
102;mlst_exact.py;I160;i160-041_3;output_exact.csv;
103;mlst_exact.py;I160;i160-041_4;output_exact.csv;
104;mlst_exact.py;I160;i160-041_5;output_exact.csv;
105;mlst_exact.py;I160;i160-041_6;output_exact.csv;
106;mlst_exact.py;I160;i160-042_2;output_exact.csv;
107;mlst_exact.py;I160;i160-042_3;output_exact.csv;
108;mlst_exact.py;I160;i160-042_4;output_exact.csv;
109;mlst_exact.py;I160;i160-042_5;output_exact.csv;
110;mlst_exact.py;I160;i160-042_6;output_exact.csv;
111;mlst_exact.py;I160;i160-043_2;output_exact.csv;
112;mlst_exact.py;I160;i160-043_3;output_exact.csv;
113;mlst_exact.py;I160;i160-043_4;output_exact.csv;
114;mlst_exact.py;I160;i160-043_5;output_exact.csv;
115;mlst_exact.py;I160;i160-043_6;output_exact.csv;
116;mlst_exact.py;I160;i160-044_2;output_exact.csv;
117;mlst_exact.py;I160;i160-044_3;output_exact.csv;
118;mlst_exact.py;I160;i160-044_4;output_exact.csv;
119;mlst_exact.py;I160;i160-044_5;output_exact.csv;
120;mlst_exact.py;I160;i160-044_6;output_exact.csv;
121;mlst_exact.py;I160;i160-045_2;output_exact.csv;
122;mlst_exact.py;I160;i160-045_3;output_exact.csv;
123;mlst_exact.py;I160;i160-045_4;output_exact.csv;
124;mlst_exact.py;I160;i160-045_5;output_exact.csv;
125;mlst_exact.py;I160;i160-045_6;output_exact.csv;
126;mlst_exact.py;I160;i160-101_2;output_exact.csv;
127;mlst_exact.py;I160;i160-101_3;output_exact.csv;
128;mlst_exact.py;I160;i160-101_4;output_exact.csv;
129;mlst_exact.py;I160;i160-101_5;output_exact.csv;
130;mlst_exact.py;I160;i160-101_6;output_exact.csv;
131;mlst_exact.py;I160;i160-102_2;output_exact.csv;
132;mlst_exact.py;I160;i160-102_3;output_exact.csv;
133;mlst_exact.py;I160;i160-102_4;output_exact.csv;
134;mlst_exact.py;I160;i160-102_5;output_exact.csv;
135;mlst_exact.py;I160;i160-102_6;output_exact.csv;
136;mlst_exact.py;I160;i160-103_2;output_exact.csv;
137;mlst_exact.py;I160;i160-103_3;output_exact.csv;
138;mlst_exact.py;I160;i160-103_4;output_exact.csv;
139;mlst_exact.py;I160;i160-103_5;output_exact.csv;
140;mlst_exact.py;I160;i160-103_6;output_exact.csv;
141;mlst_exact.py;I160;i160-104_2;output_exact.csv;
142;mlst_exact.py;I160;i160-104_3;output_exact.csv;
143;mlst_exact.py;I160;i160-104_4;output_exact.csv;
144;mlst_exact.py;I160;i160-104_5;output_exact.csv;
145;mlst_exact.py;I160;i160-104_6;output_exact.csv;
146;mlst_exact.py;I160;i160-105_2;output_exact.csv;
147;mlst_exact.py;I160;i160-105_3;output_exact.csv;
148;mlst_exact.py;I160;i160-105_4;output_exact.csv;
149;mlst_exact.py;I160;i160-105_5;output_exact.csv;
150;mlst_exact.py;I160;i160-105_6;output_exact.csv;
151;mlst_exact.py;I160;i160-111_2;output_exact.csv;
152;mlst_exact.py;I160;i160-111_3;output_exact.csv;
153;mlst_exact.py;I160;i160-111_4;output_exact.csv;
154;mlst_exact.py;I160;i160-111_5;output_exact.csv;
155;mlst_exact.py;I160;i160-111_6;output_exact.csv;
156;mlst_exact.py;I160;i160-112_2;output_exact.csv;
157;mlst_exact.py;I160;i160-112_3;output_exact.csv;
158;mlst_exact.py;I160;i160-112_4;output_exact.csv;
159;mlst_exact.py;I160;i160-112_5;output_exact.csv;
160;mlst_exact.py;I160;i160-112_6;output_exact.csv;
161;mlst_exact.py;I160;i160-113_2;output_exact.csv;
162;mlst_exact.py;I160;i160-113_3;output_exact.csv;
163;mlst_exact.py;I160;i160-113_4;output_exact.csv;
164;mlst_exact.py;I160;i160-113_5;output_exact.csv;
165;mlst_exact.py;I160;i160-113_6;output_exact.csv;
166;mlst_exact.py;I160;i160-114_2;output_exact.csv;
167;mlst_exact.py;I160;i160-114_3;output_exact.csv;
168;mlst_exact.py;I160;i160-114_4;output_exact.csv;
169;mlst_exact.py;I160;i160-114_5;output_exact.csv;
170;mlst_exact.py;I160;i160-114_6;output_exact.csv;
171;mlst_exact.py;I160;i160-115_2;output_exact.csv;
172;mlst_exact.py;I160;i160-115_3;output_exact.csv;
173;mlst_exact.py;I160;i160-115_4;output_exact.csv;
174;mlst_exact.py;I160;i160-115_5;output_exact.csv;
175;mlst_exact.py;I160;i160-115_6;output_exact.csv;
176;mlst_exact.py;I160;i160-121_2;output_exact.csv;
177;mlst_exact.py;I160;i160-121_3;output_exact.csv;
178;mlst_exact.py;I160;i160-121_4;output_exact.csv;
179;mlst_exact.py;I160;i160-121_5;output_exact.csv;
180;mlst_exact.py;I160;i160-121_6;output_exact.csv;
181;mlst_exact.py;I160;i160-122_2;output_exact.csv;
182;mlst_exact.py;I160;i160-122_3;output_exact.csv;
183;mlst_exact.py;I160;i160-122_4;output_exact.csv;
184;mlst_exact.py;I160;i160-122_5;output_exact.csv;
185;mlst_exact.py;I160;i160-122_6;output_exact.csv;
186;mlst_exact.py;I160;i160-123_2;output_exact.csv;
187;mlst_exact.py;I160;i160-123_3;output_exact.csv;
188;mlst_exact.py;I160;i160-123_4;output_exact.csv;
189;mlst_exact.py;I160;i160-123_5;output_exact.csv;
190;mlst_exact.py;I160;i160-123_6;output_exact.csv;
191;mlst_exact.py;I160;i160-124_2;output_exact.csv;
192;mlst_exact.py;I160;i160-124_3;output_exact.csv;
193;mlst_exact.py;I160;i160-124_4;output_exact.csv;
194;mlst_exact.py;I160;i160-124_5;output_exact.csv;
195;mlst_exact.py;I160;i160-124_6;output_exact.csv;
196;mlst_exact.py;I160;i160-125_2;output_exact.csv;
197;mlst_exact.py;I160;i160-125_3;output_exact.csv;
198;mlst_exact.py;I160;i160-125_4;output_exact.csv;
199;mlst_exact.py;I160;i160-125_5;output_exact.csv;
200;mlst_exact.py;I160;i160-125_6;output_exact.csv;
201;mlst_exact.py;I160;i160-131_2;output_exact.csv;
202;mlst_exact.py;I160;i160-131_3;output_exact.csv;
203;mlst_exact.py;I160;i160-131_4;output_exact.csv;
204;mlst_exact.py;I160;i160-131_5;output_exact.csv;
205;mlst_exact.py;I160;i160-131_6;output_exact.csv;
206;mlst_exact.py;I160;i160-132_2;output_exact.csv;
207;mlst_exact.py;I160;i160-132_3;output_exact.csv;
208;mlst_exact.py;I160;i160-132_4;output_exact.csv;
209;mlst_exact.py;I160;i160-132_5;output_exact.csv;
210;mlst_exact.py;I160;i160-132_6;output_exact.csv;
211;mlst_exact.py;I160;i160-133_2;output_exact.csv;
212;mlst_exact.py;I160;i160-133_3;output_exact.csv;
213;mlst_exact.py;I160;i160-133_4;output_exact.csv;
214;mlst_exact.py;I160;i160-133_5;output_exact.csv;
215;mlst_exact.py;I160;i160-133_6;output_exact.csv;
216;mlst_exact.py;I160;i160-134_2;output_exact.csv;
217;mlst_exact.py;I160;i160-134_3;output_exact.csv;
218;mlst_exact.py;I160;i160-134_4;output_exact.csv;
219;mlst_exact.py;I160;i160-134_5;output_exact.csv;
220;mlst_exact.py;I160;i160-134_6;output_exact.csv;
221;mlst_exact.py;I160;i160-135_2;output_exact.csv;
222;mlst_exact.py;I160;i160-135_3;output_exact.csv;
223;mlst_exact.py;I160;i160-135_4;output_exact.csv;
224;mlst_exact.py;I160;i160-135_5;output_exact.csv;
225;mlst_exact.py;I160;i160-135_6;output_exact.csv;
226;mlst_exact.py;I160;i160-141_2;output_exact.csv;
227;mlst_exact.py;I160;i160-141_3;output_exact.csv;
228;mlst_exact.py;I160;i160-141_4;output_exact.csv;
229;mlst_exact.py;I160;i160-141_5;output_exact.csv;
230;mlst_exact.py;I160;i160-141_6;output_exact.csv;
231;mlst_exact.py;I160;i160-142_2;output_exact.csv;
232;mlst_exact.py;I160;i160-142_3;output_exact.csv;
233;mlst_exact.py;I160;i160-142_4;output_exact.csv;
234;mlst_exact.py;I160;i160-142_5;output_exact.csv;
235;mlst_exact.py;I160;i160-142_6;output_exact.csv;
236;mlst_exact.py;I160;i160-143_2;output_exact.csv;
237;mlst_exact.py;I160;i160-143_3;output_exact.csv;
238;mlst_exact.py;I160;i160-143_4;output_exact.csv;
239;mlst_exact.py;I160;i160-143_5;output_exact.csv;
240;mlst_exact.py;I160;i160-143_6;output_exact.csv;
241;mlst_exact.py;I160;i160-144_2;output_exact.csv;
242;mlst_exact.py;I160;i160-144_3;output_exact.csv;
243;mlst_exact.py;I160;i160-144_4;output_exact.csv;
244;mlst_exact.py;I160;i160-144_5;output_exact.csv;
245;mlst_exact.py;I160;i160-144_6;output_exact.csv;
246;mlst_exact.py;I160;i160-145_2;output_exact.csv;
247;mlst_exact.py;I160;i160-145_3;output_exact.csv;
248;mlst_exact.py;I160;i160-145_4;output_exact.csv;
249;mlst_exact.py;I160;i160-145_5;output_exact.csv;
250;mlst_exact.py;I160;i160-145_6;output_exact.csv;
251;mlst_exact.py;I160;i160-201_2;output_exact.csv;
252;mlst_exact.py;I160;i160-201_3;output_exact.csv;
253;mlst_exact.py;I160;i160-201_4;output_exact.csv;
254;mlst_exact.py;I160;i160-201_5;output_exact.csv;
255;mlst_exact.py;I160;i160-201_6;output_exact.csv;
256;mlst_exact.py;I160;i160-202_2;output_exact.csv;
257;mlst_exact.py;I160;i160-202_3;output_exact.csv;
258;mlst_exact.py;I160;i160-202_4;output_exact.csv;
259;mlst_exact.py;I160;i160-202_5;output_exact.csv;
260;mlst_exact.py;I160;i160-202_6;output_exact.csv;
261;mlst_exact.py;I160;i160-203_2;output_exact.csv;
262;mlst_exact.py;I160;i160-203_3;output_exact.csv;
263;mlst_exact.py;I160;i160-203_4;output_exact.csv;
264;mlst_exact.py;I160;i160-203_5;output_exact.csv;
265;mlst_exact.py;I160;i160-203_6;output_exact.csv;
266;mlst_exact.py;I160;i160-204_2;output_exact.csv;
267;mlst_exact.py;I160;i160-204_3;output_exact.csv;
268;mlst_exact.py;I160;i160-204_4;output_exact.csv;
269;mlst_exact.py;I160;i160-204_5;output_exact.csv;
270;mlst_exact.py;I160;i160-204_6;output_exact.csv;
271;mlst_exact.py;I160;i160-205_2;output_exact.csv;
272;mlst_exact.py;I160;i160-205_3;output_exact.csv;
273;mlst_exact.py;I160;i160-205_4;output_exact.csv;
274;mlst_exact.py;I160;i160-205_5;output_exact.csv;
275;mlst_exact.py;I160;i160-205_6;output_exact.csv;
276;mlst_exact.py;I160;i160-211_2;output_exact.csv;
277;mlst_exact.py;I160;i160-211_3;output_exact.csv;
278;mlst_exact.py;I160;i160-211_4;output_exact.csv;
279;mlst_exact.py;I160;i160-211_5;output_exact.csv;
280;mlst_exact.py;I160;i160-211_6;output_exact.csv;
281;mlst_exact.py;I160;i160-212_2;output_exact.csv;
282;mlst_exact.py;I160;i160-212_3;output_exact.csv;
283;mlst_exact.py;I160;i160-212_4;output_exact.csv;
284;mlst_exact.py;I160;i160-212_5;output_exact.csv;
285;mlst_exact.py;I160;i160-212_6;output_exact.csv;
286;mlst_exact.py;I160;i160-213_2;output_exact.csv;
287;mlst_exact.py;I160;i160-213_3;output_exact.csv;
288;mlst_exact.py;I160;i160-213_4;output_exact.csv;
289;mlst_exact.py;I160;i160-213_5;output_exact.csv;
290;mlst_exact.py;I160;i160-213_6;output_exact.csv;
291;mlst_exact.py;I160;i160-214_2;output_exact.csv;
292;mlst_exact.py;I160;i160-214_3;output_exact.csv;
293;mlst_exact.py;I160;i160-214_4;output_exact.csv;
294;mlst_exact.py;I160;i160-214_5;output_exact.csv;
295;mlst_exact.py;I160;i160-214_6;output_exact.csv;
296;mlst_exact.py;I160;i160-215_2;output_exact.csv;
297;mlst_exact.py;I160;i160-215_3;output_exact.csv;
298;mlst_exact.py;I160;i160-215_4;output_exact.csv;
299;mlst_exact.py;I160;i160-215_5;output_exact.csv;
300;mlst_exact.py;I160;i160-215_6;output_exact.csv;
301;mlst_exact.py;I160;i160-221_2;output_exact.csv;
302;mlst_exact.py;I160;i160-221_3;output_exact.csv;
303;mlst_exact.py;I160;i160-221_4;output_exact.csv;
304;mlst_exact.py;I160;i160-221_5;output_exact.csv;
305;mlst_exact.py;I160;i160-221_6;output_exact.csv;
306;mlst_exact.py;I160;i160-222_2;output_exact.csv;
307;mlst_exact.py;I160;i160-222_3;output_exact.csv;
308;mlst_exact.py;I160;i160-222_4;output_exact.csv;
309;mlst_exact.py;I160;i160-222_5;output_exact.csv;
310;mlst_exact.py;I160;i160-222_6;output_exact.csv;
311;mlst_exact.py;I160;i160-223_2;output_exact.csv;
312;mlst_exact.py;I160;i160-223_3;output_exact.csv;
313;mlst_exact.py;I160;i160-223_4;output_exact.csv;
314;mlst_exact.py;I160;i160-223_5;output_exact.csv;
315;mlst_exact.py;I160;i160-223_6;output_exact.csv;
316;mlst_exact.py;I160;i160-224_2;output_exact.csv;
317;mlst_exact.py;I160;i160-224_3;output_exact.csv;
318;mlst_exact.py;I160;i160-224_4;output_exact.csv;
319;mlst_exact.py;I160;i160-224_5;output_exact.csv;
320;mlst_exact.py;I160;i160-224_6;output_exact.csv;
321;mlst_exact.py;I160;i160-225_2;output_exact.csv;
322;mlst_exact.py;I160;i160-225_3;output_exact.csv;
323;mlst_exact.py;I160;i160-225_4;output_exact.csv;
324;mlst_exact.py;I160;i160-225_5;output_exact.csv;
325;mlst_exact.py;I160;i160-225_6;output_exact.csv;
326;mlst_exact.py;I160;i160-231_2;output_exact.csv;
327;mlst_exact.py;I160;i160-231_3;output_exact.csv;
328;mlst_exact.py;I160;i160-231_4;output_exact.csv;
329;mlst_exact.py;I160;i160-231_5;output_exact.csv;
330;mlst_exact.py;I160;i160-231_6;output_exact.csv;
331;mlst_exact.py;I160;i160-232_2;output_exact.csv;
332;mlst_exact.py;I160;i160-232_3;output_exact.csv;
333;mlst_exact.py;I160;i160-232_4;output_exact.csv;
334;mlst_exact.py;I160;i160-232_5;output_exact.csv;
335;mlst_exact.py;I160;i160-232_6;output_exact.csv;
336;mlst_exact.py;I160;i160-233_2;output_exact.csv;
337;mlst_exact.py;I160;i160-233_3;output_exact.csv;
338;mlst_exact.py;I160;i160-233_4;output_exact.csv;
339;mlst_exact.py;I160;i160-233_5;output_exact.csv;
340;mlst_exact.py;I160;i160-233_6;output_exact.csv;
341;mlst_exact.py;I160;i160-234_2;output_exact.csv;
342;mlst_exact.py;I160;i160-234_3;output_exact.csv;
343;mlst_exact.py;I160;i160-234_4;output_exact.csv;
344;mlst_exact.py;I160;i160-234_5;output_exact.csv;
345;mlst_exact.py;I160;i160-234_6;output_exact.csv;
346;mlst_exact.py;I160;i160-235_2;output_exact.csv;
347;mlst_exact.py;I160;i160-235_3;output_exact.csv;
348;mlst_exact.py;I160;i160-235_4;output_exact.csv;
349;mlst_exact.py;I160;i160-235_5;output_exact.csv;
350;mlst_exact.py;I160;i160-235_6;output_exact.csv;
351;mlst_exact.py;I160;i160-241_2;output_exact.csv;
352;mlst_exact.py;I160;i160-241_3;output_exact.csv;
353;mlst_exact.py;I160;i160-241_4;output_exact.csv;
354;mlst_exact.py;I160;i160-241_5;output_exact.csv;
355;mlst_exact.py;I160;i160-241_6;output_exact.csv;
356;mlst_exact.py;I160;i160-242_2;output_exact.csv;
357;mlst_exact.py;I160;i160-242_3;output_exact.csv;
358;mlst_exact.py;I160;i160-242_4;output_exact.csv;
359;mlst_exact.py;I160;i160-242_5;output_exact.csv;
360;mlst_exact.py;I160;i160-242_6;output_exact.csv;
361;mlst_exact.py;I160;i160-243_2;output_exact.csv;
362;mlst_exact.py;I160;i160-243_3;output_exact.csv;
363;mlst_exact.py;I160;i160-243_4;output_exact.csv;
364;mlst_exact.py;I160;i160-243_5;output_exact.csv;
365;mlst_exact.py;I160;i160-243_6;output_exact.csv;
366;mlst_exact.py;I160;i160-244_2;output_exact.csv;
367;mlst_exact.py;I160;i160-244_3;output_exact.csv;
368;mlst_exact.py;I160;i160-244_4;output_exact.csv;
369;mlst_exact.py;I160;i160-244_5;output_exact.csv;
370;mlst_exact.py;I160;i160-244_6;output_exact.csv;
371;mlst_exact.py;I160;i160-245_2;output_exact.csv;
372;mlst_exact.py;I160;i160-245_3;output_exact.csv;
373;mlst_exact.py;I160;i160-245_4;output_exact.csv;
374;mlst_exact.py;I160;i160-245_5;output_exact.csv;
375;mlst_exact.py;I160;i160-245_6;output_exact.csv;
376;mlst_exact.py;I160;i160-301_2;output_exact.csv;
377;mlst_exact.py;I160;i160-301_3;output_exact.csv;
378;mlst_exact.py;I160;i160-301_4;output_exact.csv;
379;mlst_exact.py;I160;i160-301_5;output_exact.csv;
380;mlst_exact.py;I160;i160-301_6;output_exact.csv;
381;mlst_exact.py;I160;i160-302_2;output_exact.csv;
382;mlst_exact.py;I160;i160-302_3;output_exact.csv;
383;mlst_exact.py;I160;i160-302_4;output_exact.csv;
384;mlst_exact.py;I160;i160-302_5;output_exact.csv;
385;mlst_exact.py;I160;i160-302_6;output_exact.csv;
386;mlst_exact.py;I160;i160-303_2;output_exact.csv;
387;mlst_exact.py;I160;i160-303_3;output_exact.csv;
388;mlst_exact.py;I160;i160-303_4;output_exact.csv;
389;mlst_exact.py;I160;i160-303_5;output_exact.csv;
390;mlst_exact.py;I160;i160-303_6;output_exact.csv;
391;mlst_exact.py;I160;i160-304_2;output_exact.csv;
392;mlst_exact.py;I160;i160-304_3;output_exact.csv;
393;mlst_exact.py;I160;i160-304_4;output_exact.csv;
394;mlst_exact.py;I160;i160-304_5;output_exact.csv;
395;mlst_exact.py;I160;i160-304_6;output_exact.csv;
396;mlst_exact.py;I160;i160-305_2;output_exact.csv;
397;mlst_exact.py;I160;i160-305_3;output_exact.csv;
398;mlst_exact.py;I160;i160-305_4;output_exact.csv;
399;mlst_exact.py;I160;i160-305_5;output_exact.csv;
400;mlst_exact.py;I160;i160-305_6;output_exact.csv;
401;mlst_exact.py;I160;i160-311_2;output_exact.csv;
402;mlst_exact.py;I160;i160-311_3;output_exact.csv;
403;mlst_exact.py;I160;i160-311_4;output_exact.csv;
404;mlst_exact.py;I160;i160-311_5;output_exact.csv;
405;mlst_exact.py;I160;i160-311_6;output_exact.csv;
406;mlst_exact.py;I160;i160-312_2;output_exact.csv;
407;mlst_exact.py;I160;i160-312_3;output_exact.csv;
408;mlst_exact.py;I160;i160-312_4;output_exact.csv;
409;mlst_exact.py;I160;i160-312_5;output_exact.csv;
410;mlst_exact.py;I160;i160-312_6;output_exact.csv;
411;mlst_exact.py;I160;i160-313_2;output_exact.csv;
412;mlst_exact.py;I160;i160-313_3;output_exact.csv;
413;mlst_exact.py;I160;i160-313_4;output_exact.csv;
414;mlst_exact.py;I160;i160-313_5;output_exact.csv;
415;mlst_exact.py;I160;i160-313_6;output_exact.csv;
416;mlst_exact.py;I160;i160-314_2;output_exact.csv;
417;mlst_exact.py;I160;i160-314_3;output_exact.csv;
418;mlst_exact.py;I160;i160-314_4;output_exact.csv;
419;mlst_exact.py;I160;i160-314_5;output_exact.csv;
420;mlst_exact.py;I160;i160-314_6;output_exact.csv;
421;mlst_exact.py;I160;i160-315_2;output_exact.csv;
422;mlst_exact.py;I160;i160-315_3;output_exact.csv;
423;mlst_exact.py;I160;i160-315_4;output_exact.csv;
424;mlst_exact.py;I160;i160-315_5;output_exact.csv;
425;mlst_exact.py;I160;i160-315_6;output_exact.csv;
426;mlst_exact.py;I160;i160-321_2;output_exact.csv;
427;mlst_exact.py;I160;i160-321_3;output_exact.csv;
428;mlst_exact.py;I160;i160-321_4;output_exact.csv;
429;mlst_exact.py;I160;i160-321_5;output_exact.csv;
430;mlst_exact.py;I160;i160-321_6;output_exact.csv;
431;mlst_exact.py;I160;i160-322_2;output_exact.csv;
432;mlst_exact.py;I160;i160-322_3;output_exact.csv;
433;mlst_exact.py;I160;i160-322_4;output_exact.csv;
434;mlst_exact.py;I160;i160-322_5;output_exact.csv;
435;mlst_exact.py;I160;i160-322_6;output_exact.csv;
436;mlst_exact.py;I160;i160-323_2;output_exact.csv;
437;mlst_exact.py;I160;i160-323_3;output_exact.csv;
438;mlst_exact.py;I160;i160-323_4;output_exact.csv;
439;mlst_exact.py;I160;i160-323_5;output_exact.csv;
440;mlst_exact.py;I160;i160-323_6;output_exact.csv;
441;mlst_exact.py;I160;i160-324_2;output_exact.csv;
442;mlst_exact.py;I160;i160-324_3;output_exact.csv;
443;mlst_exact.py;I160;i160-324_4;output_exact.csv;
444;mlst_exact.py;I160;i160-324_5;output_exact.csv;
445;mlst_exact.py;I160;i160-324_6;output_exact.csv;
446;mlst_exact.py;I160;i160-325_2;output_exact.csv;
447;mlst_exact.py;I160;i160-325_3;output_exact.csv;
448;mlst_exact.py;I160;i160-325_4;output_exact.csv;
449;mlst_exact.py;I160;i160-325_5;output_exact.csv;
450;mlst_exact.py;I160;i160-325_6;output_exact.csv;
451;mlst_exact.py;I160;i160-331_2;output_exact.csv;
452;mlst_exact.py;I160;i160-331_3;output_exact.csv;
453;mlst_exact.py;I160;i160-331_4;output_exact.csv;
454;mlst_exact.py;I160;i160-331_5;output_exact.csv;
455;mlst_exact.py;I160;i160-331_6;output_exact.csv;
456;mlst_exact.py;I160;i160-332_2;output_exact.csv;
457;mlst_exact.py;I160;i160-332_3;output_exact.csv;
458;mlst_exact.py;I160;i160-332_4;output_exact.csv;
459;mlst_exact.py;I160;i160-332_5;output_exact.csv;
460;mlst_exact.py;I160;i160-332_6;output_exact.csv;
461;mlst_exact.py;I160;i160-333_2;output_exact.csv;
462;mlst_exact.py;I160;i160-333_3;output_exact.csv;
463;mlst_exact.py;I160;i160-333_4;output_exact.csv;
464;mlst_exact.py;I160;i160-333_5;output_exact.csv;
465;mlst_exact.py;I160;i160-333_6;output_exact.csv;
466;mlst_exact.py;I160;i160-334_2;output_exact.csv;
467;mlst_exact.py;I160;i160-334_3;output_exact.csv;
468;mlst_exact.py;I160;i160-334_4;output_exact.csv;
469;mlst_exact.py;I160;i160-334_5;output_exact.csv;
470;mlst_exact.py;I160;i160-334_6;output_exact.csv;
471;mlst_exact.py;I160;i160-335_2;output_exact.csv;
472;mlst_exact.py;I160;i160-335_3;output_exact.csv;
473;mlst_exact.py;I160;i160-335_4;output_exact.csv;
474;mlst_exact.py;I160;i160-335_5;output_exact.csv;
475;mlst_exact.py;I160;i160-335_6;output_exact.csv;
476;mlst_exact.py;I160;i160-341_2;output_exact.csv;
477;mlst_exact.py;I160;i160-341_3;output_exact.csv;
478;mlst_exact.py;I160;i160-341_4;output_exact.csv;
479;mlst_exact.py;I160;i160-341_5;output_exact.csv;
480;mlst_exact.py;I160;i160-341_6;output_exact.csv;
481;mlst_exact.py;I160;i160-342_2;output_exact.csv;
482;mlst_exact.py;I160;i160-342_3;output_exact.csv;
483;mlst_exact.py;I160;i160-342_4;output_exact.csv;
484;mlst_exact.py;I160;i160-342_5;output_exact.csv;
485;mlst_exact.py;I160;i160-342_6;output_exact.csv;
486;mlst_exact.py;I160;i160-343_2;output_exact.csv;
487;mlst_exact.py;I160;i160-343_3;output_exact.csv;
488;mlst_exact.py;I160;i160-343_4;output_exact.csv;
489;mlst_exact.py;I160;i160-343_5;output_exact.csv;
490;mlst_exact.py;I160;i160-343_6;output_exact.csv;
491;mlst_exact.py;I160;i160-344_2;output_exact.csv;
492;mlst_exact.py;I160;i160-344_3;output_exact.csv;
493;mlst_exact.py;I160;i160-344_4;output_exact.csv;
494;mlst_exact.py;I160;i160-344_5;output_exact.csv;
495;mlst_exact.py;I160;i160-344_6;output_exact.csv;
496;mlst_exact.py;I160;i160-345_2;output_exact.csv;
497;mlst_exact.py;I160;i160-345_3;output_exact.csv;
498;mlst_exact.py;I160;i160-345_4;output_exact.csv;
499;mlst_exact.py;I160;i160-345_5;output_exact.csv;
500;mlst_exact.py;I160;i160-345_6;output_exact.csv;
